timezone,temp,humidity,description
2025-02-19 06:13:04,0.76,29,clear sky
2025-02-19 06:13:15,-0.13,18,clear sky
2025-02-19 06:23:24,1.76,25,clear sky
2025-02-19 06:31:25,1.76,25,clear sky
2025-02-19 06:38:57,1.76,25,clear sky
2025-02-19 06:50:29,1.76,25,clear sky
2025-02-19 07:08:20,1.76,25,clear sky
2025-02-19 07:26:01,-0.42,18,clear sky
2025-02-19 07:37:26,0.76,25,clear sky
2025-02-19 07:47:45,0.76,25,clear sky
2025-02-19 07:58:21,0.76,25,clear sky
2025-02-19 08:30:33,0.76,29,clear sky
2025-02-19 08:46:25,0.76,29,clear sky
2025-02-19 08:56:46,0.76,29,clear sky
2025-02-19 09:21:49,-0.22,25,clear sky
2025-02-19 09:35:27,-1.24,29,clear sky
2025-02-19 09:45:49,-1.24,29,clear sky
2025-02-19 09:56:18,-1.24,29,clear sky
2025-02-19 10:20:53,-2.1,25,clear sky
2025-02-19 10:38:53,-3.24,39,clear sky
2025-02-19 10:49:26,-3.24,39,clear sky
2025-02-19 11:00:07,-3.24,39,clear sky
2025-02-19 11:19:43,-3.24,39,clear sky
2025-02-19 11:30:28,-3.24,43,clear sky
2025-02-19 11:40:59,-3.24,43,clear sky
2025-02-19 11:51:27,-3.24,43,clear sky
2025-02-19 12:17:59,-3.15,33,clear sky
2025-02-19 12:53:03,-4.24,50,clear sky
2025-02-19 13:19:54,-3.39,36,clear sky
2025-02-19 13:35:56,-5.24,50,clear sky
2025-02-19 13:46:34,-5.24,50,clear sky
2025-02-19 13:56:54,-5.24,50,clear sky
2025-02-19 14:19:59,-5.24,54,clear sky
2025-02-19 14:37:21,-5.24,54,clear sky
2025-02-19 14:47:53,-5.24,54,clear sky
2025-02-19 14:58:25,-5.24,54,clear sky
2025-02-19 15:26:04,-3.23,36,clear sky
2025-02-19 15:39:11,-6.24,58,clear sky
2025-02-19 15:49:40,-6.24,58,clear sky
2025-02-19 16:00:22,-6.24,58,clear sky
2025-02-19 16:29:45,-6.24,58,clear sky
2025-02-19 16:46:14,-6.24,58,clear sky
2025-02-19 16:56:42,-6.24,58,clear sky
2025-02-19 17:18:23,-3.46,37,clear sky
2025-02-19 17:33:31,-8.24,62,clear sky
2025-02-19 17:44:07,-8.24,62,clear sky
2025-02-19 17:54:39,-8.24,62,clear sky
2025-02-19 18:20:41,-3.7,39,clear sky
2025-02-19 18:41:16,-8.24,67,clear sky
2025-02-19 18:51:55,-8.24,67,clear sky
2025-02-19 19:08:54,-8.24,67,clear sky
2025-02-19 19:21:11,-9.24,73,clear sky
2025-02-19 19:32:25,-9.24,73,clear sky
2025-02-19 19:43:13,-9.24,73,clear sky
2025-02-19 19:53:45,-9.24,73,clear sky
2025-02-19 20:16:14,-4.05,42,clear sky
2025-02-19 20:32:15,-10.24,85,clear sky
2025-02-19 20:42:51,-10.24,85,clear sky
2025-02-19 20:53:32,-10.24,85,clear sky
2025-02-19 21:13:17,-10.24,85,clear sky
2025-02-19 21:27:16,-10.24,85,clear sky
2025-02-19 21:38:38,-10.24,85,clear sky
2025-02-19 21:49:00,-10.24,85,clear sky
2025-02-19 21:59:23,-10.24,85,clear sky
2025-02-19 22:22:14,-4.41,43,clear sky
2025-02-19 22:35:48,-8.24,73,clear sky
2025-02-19 22:46:25,-8.24,73,clear sky
2025-02-19 22:56:57,-8.24,73,clear sky
2025-02-19 23:19:53,-4.45,43,clear sky
2025-02-19 23:30:15,-7.24,73,clear sky
2025-02-19 23:40:42,-7.24,73,clear sky
2025-02-19 23:51:21,-7.24,73,clear sky
2025-02-20 00:47:28,-3.24,59,clear sky
2025-02-20 02:08:54,-1.24,40,clear sky
2025-02-20 02:56:18,-0.24,32,clear sky
2025-02-20 03:23:58,0.76,29,clear sky
2025-02-20 03:41:33,0.76,29,clear sky
2025-02-20 03:51:56,0.76,29,clear sky
2025-02-20 04:13:22,-0.67,25,clear sky
2025-02-20 04:33:40,0.76,29,clear sky
2025-02-20 04:45:14,0.76,29,clear sky
2025-02-20 04:55:49,0.76,29,clear sky
2025-02-20 05:18:12,-0.11,23,clear sky
2025-02-20 05:34:35,1.76,27,clear sky
2025-02-20 05:45:04,1.76,27,clear sky
2025-02-20 05:55:22,1.76,27,clear sky
2025-02-20 06:25:06,1.76,27,clear sky
2025-02-20 06:44:12,1.76,27,clear sky
2025-02-20 06:54:47,1.76,27,clear sky
2025-02-20 07:15:40,0.18,20,clear sky
2025-02-20 07:28:18,1.76,27,clear sky
2025-02-20 07:38:57,1.76,27,clear sky
2025-02-20 07:49:47,1.76,27,clear sky
2025-02-20 08:00:07,1.76,27,clear sky
2025-02-20 08:30:53,0.76,23,clear sky
2025-02-20 08:46:00,0.76,23,clear sky
2025-02-20 08:56:42,0.76,23,clear sky
2025-02-20 09:21:51,-1.24,29,clear sky
2025-02-20 09:35:54,-1.24,29,clear sky
2025-02-20 09:46:17,-1.24,29,clear sky
2025-02-20 09:56:35,-1.24,29,clear sky
2025-02-20 10:22:01,-2.24,34,clear sky
2025-02-20 10:39:45,-2.24,34,clear sky
2025-02-20 10:50:10,-2.24,34,clear sky
2025-02-20 11:06:49,-2.24,34,clear sky
2025-02-20 11:22:54,-3.24,36,clear sky
2025-02-20 11:35:16,-3.24,36,clear sky
2025-02-20 11:45:56,-3.24,36,clear sky
2025-02-20 11:56:15,-3.24,36,clear sky
2025-02-20 12:39:29,-4.24,39,clear sky
2025-02-20 13:04:47,-4.24,39,clear sky
2025-02-20 13:31:01,-5.24,50,clear sky
2025-02-20 13:42:24,-5.24,50,clear sky
2025-02-20 13:53:00,-5.24,50,clear sky
2025-02-20 14:12:55,-3.64,38,clear sky
2025-02-20 14:33:11,-5.24,54,clear sky
2025-02-20 14:44:28,-5.24,54,clear sky
2025-02-20 14:54:57,-5.24,54,clear sky
2025-02-20 15:19:00,-3.66,39,clear sky
2025-02-20 15:35:58,-6.24,58,clear sky
2025-02-20 15:46:41,-6.24,58,clear sky
2025-02-20 15:57:20,-6.24,58,clear sky
2025-02-20 16:29:22,-7.24,63,clear sky
2025-02-20 16:47:18,-7.24,63,clear sky
2025-02-20 16:58:05,-7.24,63,clear sky
2025-02-20 17:19:07,-3.79,41,clear sky
2025-02-20 17:32:30,-6.24,63,clear sky
2025-02-20 17:43:05,-6.24,63,clear sky
2025-02-20 17:53:40,-6.24,63,clear sky
2025-02-20 18:19:37,-3.97,41,clear sky
2025-02-20 18:40:50,-7.24,63,clear sky
2025-02-20 18:51:21,-7.24,63,clear sky
2025-02-20 19:07:58,-7.24,63,clear sky
2025-02-20 21:15:18,-9.24,73,clear sky
2025-02-20 21:28:58,-10.24,79,clear sky
2025-02-20 21:39:39,-10.24,79,clear sky
2025-02-20 21:50:17,-10.24,79,clear sky
2025-02-20 22:07:07,-10.24,79,clear sky
2025-02-20 22:29:30,-10.24,85,clear sky
2025-02-20 22:41:31,-10.24,85,clear sky
2025-02-20 22:52:13,-10.24,85,clear sky
2025-02-20 23:11:21,-10.24,85,clear sky
2025-02-20 23:28:18,-7.24,73,clear sky
2025-02-20 23:39:40,-7.24,73,clear sky
2025-02-20 23:49:58,-7.24,73,clear sky
2025-02-21 00:35:49,-3.24,59,clear sky
2025-02-21 02:06:27,-1.24,43,clear sky
2025-02-21 02:55:55,-0.24,32,clear sky
2025-02-21 03:23:57,0.76,32,clear sky
2025-02-21 03:40:48,0.76,32,clear sky
2025-02-21 03:51:20,0.76,32,clear sky
2025-02-21 04:12:35,0.76,32,clear sky
2025-02-21 04:35:51,0.76,32,clear sky
2025-02-21 04:48:58,0.76,32,clear sky
2025-02-21 04:59:10,0.76,32,clear sky
2025-02-21 05:23:34,0.76,32,clear sky
2025-02-21 05:37:24,0.76,32,clear sky
2025-02-21 05:48:03,0.76,32,clear sky
2025-02-21 05:58:24,0.76,32,clear sky
2025-02-21 06:32:19,0.76,37,clear sky
2025-02-21 06:47:17,0.76,37,clear sky
2025-02-21 06:57:55,0.76,37,clear sky
2025-02-21 07:21:46,0.76,40,clear sky
2025-02-21 07:33:01,0.76,40,clear sky
2025-02-21 07:43:33,0.76,40,clear sky
2025-02-21 07:54:10,0.76,40,clear sky
2025-02-21 08:19:43,0.11,24,clear sky
2025-02-21 08:38:18,1.76,30,clear sky
2025-02-21 08:49:16,1.76,30,clear sky
2025-02-21 08:59:55,1.76,30,clear sky
2025-02-21 09:24:42,-0.24,27,clear sky
2025-02-21 09:37:23,-0.24,27,clear sky
2025-02-21 09:47:45,-0.24,27,clear sky
2025-02-21 09:58:05,-0.24,27,clear sky
2025-02-21 10:25:00,-1.6,29,clear sky
2025-02-21 10:40:18,-2.24,37,clear sky
2025-02-21 10:50:56,-2.24,37,clear sky
2025-02-21 11:07:43,-2.24,37,clear sky
2025-02-21 11:24:24,-2.24,40,clear sky
2025-02-21 11:35:55,-2.24,40,clear sky
2025-02-21 11:46:41,-2.24,40,clear sky
2025-02-21 11:57:17,-2.24,40,clear sky
2025-02-21 12:42:31,-3.24,46,clear sky
2025-02-21 13:10:51,-2.69,39,clear sky
2025-02-21 13:30:22,-4.24,50,clear sky
2025-02-21 13:41:00,-4.24,50,clear sky
2025-02-21 13:51:34,-4.24,50,clear sky
2025-02-21 14:08:27,-2.6,40,clear sky
2025-02-21 14:29:22,-4.24,50,clear sky
2025-02-21 14:41:48,-4.24,50,clear sky
2025-02-21 14:52:35,-4.24,50,clear sky
2025-02-21 15:12:31,-2.53,38,few clouds
2025-02-21 15:30:29,-4.24,54,clear sky
2025-02-21 15:41:44,-4.24,54,clear sky
2025-02-21 15:52:38,-4.24,54,clear sky
2025-02-21 16:15:05,-2.93,36,few clouds
2025-02-21 16:37:43,-5.24,58,clear sky
2025-02-21 16:48:32,-5.24,58,clear sky
2025-02-21 16:59:17,-5.24,58,clear sky
2025-02-21 17:20:32,-3.39,38,few clouds
2025-02-21 17:31:56,-5.24,63,clear sky
2025-02-21 17:42:34,-5.24,63,clear sky
2025-02-21 17:52:57,-5.24,63,clear sky
2025-02-21 18:17:24,-3.93,38,clear sky
2025-02-21 18:39:39,-6.24,73,clear sky
2025-02-21 18:50:16,-6.24,73,clear sky
2025-02-21 19:05:26,-6.24,73,clear sky
2025-02-21 19:20:34,-4.18,39,clear sky
2025-02-21 19:31:29,-7.24,73,clear sky
2025-02-21 19:42:08,-7.24,73,clear sky
2025-02-21 19:52:46,-7.24,73,clear sky
2025-02-21 20:13:27,-7.24,73,clear sky
2025-02-21 20:30:19,-8.24,86,clear sky
2025-02-21 20:41:43,-8.24,86,clear sky
2025-02-21 20:52:08,-8.24,86,clear sky
2025-02-21 21:09:51,-8.24,86,clear sky
2025-02-21 21:24:48,-4.37,41,clear sky
2025-02-21 21:35:58,-7.24,73,clear sky
2025-02-21 21:46:20,-7.24,73,clear sky
2025-02-21 21:56:40,-7.24,73,clear sky
2025-02-21 22:19:08,-7.24,79,clear sky
2025-02-21 22:34:36,-7.24,79,clear sky
2025-02-21 22:45:10,-7.24,79,clear sky
2025-02-21 22:55:37,-7.24,79,clear sky
2025-02-21 23:18:25,-7.24,79,clear sky
2025-02-21 23:30:22,-6.24,73,clear sky
2025-02-21 23:41:07,-6.24,73,clear sky
2025-02-21 23:51:50,-6.24,73,clear sky
2025-02-22 00:50:16,-3.24,59,clear sky
2025-02-22 02:06:33,-1.24,43,clear sky
2025-02-22 02:51:50,-0.24,34,clear sky
2025-02-22 03:13:13,-1.49,27,clear sky
2025-02-22 03:32:42,0.76,34,clear sky
2025-02-22 03:43:19,0.76,34,clear sky
2025-02-22 03:53:58,0.76,34,clear sky
2025-02-22 04:17:23,-0.83,25,clear sky
2025-02-22 04:38:04,1.76,32,clear sky
2025-02-22 04:48:37,1.76,32,clear sky
2025-02-22 04:59:14,1.76,32,clear sky
2025-02-22 05:22:27,0.76,34,clear sky
2025-02-22 05:35:40,0.76,34,clear sky
2025-02-22 05:46:15,0.76,34,clear sky
2025-02-22 05:56:35,0.76,34,clear sky
2025-02-22 06:28:34,0.76,37,clear sky
2025-02-22 06:46:06,0.76,37,clear sky
2025-02-22 06:56:46,0.76,37,clear sky
2025-02-22 07:17:27,-0.02,28,clear sky
2025-02-22 07:27:52,0.76,37,clear sky
2025-02-22 07:38:36,0.76,37,clear sky
2025-02-22 07:49:24,0.76,37,clear sky
2025-02-22 07:59:49,0.76,37,clear sky
2025-02-22 08:26:56,-0.03,28,clear sky
2025-02-22 08:41:14,0.76,37,clear sky
2025-02-22 08:51:34,0.76,37,clear sky
2025-02-22 09:09:35,0.76,37,clear sky
2025-02-22 09:26:28,-1.24,47,clear sky
2025-02-22 09:37:30,-1.24,47,clear sky
2025-02-22 09:47:39,-1.24,47,clear sky
2025-02-22 09:58:12,-1.24,47,clear sky
2025-02-22 10:24:22,-1.24,51,clear sky
2025-02-22 10:40:32,-1.24,51,clear sky
2025-02-22 10:51:03,-1.24,51,clear sky
2025-02-22 11:06:41,-1.24,51,clear sky
2025-02-22 11:20:36,-2.26,34,clear sky
2025-02-22 11:31:36,-2.24,37,clear sky
2025-02-22 11:42:04,-2.24,37,clear sky
2025-02-22 11:52:26,-2.24,37,clear sky
2025-02-22 12:19:55,-2.81,35,few clouds
2025-02-22 12:50:14,-4.24,42,clear sky
2025-02-22 13:10:49,-3.25,36,broken clouds
2025-02-22 13:27:29,-5.24,46,clear sky
2025-02-22 13:38:11,-5.24,46,clear sky
2025-02-22 13:48:28,-5.24,46,clear sky
2025-02-22 13:58:57,-5.24,46,clear sky
2025-02-22 14:20:31,-5.24,50,clear sky
2025-02-22 14:32:59,-5.24,50,clear sky
2025-02-22 14:43:20,-5.24,50,clear sky
2025-02-22 14:54:00,-5.24,50,clear sky
2025-02-22 15:13:20,-5.24,50,clear sky
2025-02-22 15:28:27,-6.24,53,clear sky
2025-02-22 15:38:58,-6.24,53,clear sky
2025-02-22 15:49:34,-6.24,53,clear sky
2025-02-22 16:00:22,-6.24,53,clear sky
2025-02-22 16:27:05,-6.24,58,clear sky
2025-02-22 16:41:28,-6.24,58,clear sky
2025-02-22 16:51:50,-6.24,58,clear sky
2025-02-22 17:09:35,-6.24,58,clear sky
2025-02-22 17:28:41,-8.24,62,clear sky
2025-02-22 17:39:29,-8.24,62,clear sky
2025-02-22 17:50:11,-8.24,62,clear sky
2025-02-22 18:08:16,-8.24,62,clear sky
2025-02-22 18:32:33,-7.24,58,clear sky
2025-02-22 18:44:37,-7.24,58,clear sky
2025-02-22 18:55:09,-7.24,58,clear sky
2025-02-22 19:12:58,-4.19,39,clear sky
2025-02-22 19:23:32,-9.24,67,clear sky
2025-02-22 19:35:01,-9.24,67,clear sky
2025-02-22 19:45:26,-9.24,67,clear sky
2025-02-22 19:55:56,-9.24,67,clear sky
2025-02-22 20:18:39,-9.24,67,clear sky
2025-02-22 20:30:18,-8.24,67,clear sky
2025-02-22 20:40:53,-8.24,67,clear sky
2025-02-22 20:51:32,-8.24,67,clear sky
2025-02-22 21:09:38,-8.24,67,clear sky
2025-02-22 21:25:39,-4.75,35,clear sky
2025-02-22 21:36:37,-8.24,67,clear sky
2025-02-22 21:47:08,-8.24,67,clear sky
2025-02-22 21:57:45,-8.24,67,clear sky
2025-02-22 22:20:18,-4.86,37,clear sky
2025-02-22 22:33:26,-7.24,63,clear sky
2025-02-22 22:44:09,-7.24,63,clear sky
2025-02-22 22:54:27,-7.24,63,clear sky
2025-02-22 23:13:56,-4.93,37,clear sky
2025-02-22 23:26:50,-4.93,37,clear sky
2025-02-22 23:38:22,-5.24,58,clear sky
2025-02-22 23:49:15,-5.24,58,clear sky
2025-02-22 23:59:44,-5.24,58,clear sky
2025-02-23 01:56:46,-2.24,37,clear sky
2025-02-23 02:54:58,-1.24,37,clear sky
2025-02-23 03:23:19,-2.56,30,clear sky
2025-02-23 03:40:36,-2.24,34,few clouds
2025-02-23 03:51:20,-2.24,34,few clouds
2025-02-23 04:11:33,-2.24,34,few clouds
2025-02-23 04:33:37,-0.24,32,few clouds
2025-02-23 04:46:28,-0.24,32,few clouds
2025-02-23 04:56:56,-0.24,32,few clouds
2025-02-23 05:18:49,-0.24,27,clear sky
2025-02-23 05:33:42,-0.24,27,clear sky
2025-02-23 05:44:20,-0.24,27,clear sky
2025-02-23 05:54:49,-0.24,27,clear sky
2025-02-23 06:21:42,-0.24,29,clear sky
2025-02-23 06:39:52,-0.24,29,clear sky
2025-02-23 06:50:17,-0.24,29,clear sky
2025-02-23 07:07:24,-1.38,24,clear sky
2025-02-23 07:24:21,-0.24,34,clear sky
2025-02-23 07:35:44,-0.24,34,clear sky
2025-02-23 07:46:28,-0.24,34,clear sky
2025-02-23 07:57:06,-0.24,34,clear sky
2025-02-23 08:25:39,-0.24,29,clear sky
2025-02-23 08:40:33,-0.24,29,clear sky
2025-02-23 08:50:50,-0.24,29,clear sky
2025-02-23 09:08:13,-0.24,29,clear sky
2025-02-23 09:27:52,-2.24,34,clear sky
2025-02-23 09:40:35,-2.24,34,clear sky
2025-02-23 09:51:16,-2.24,34,clear sky
2025-02-23 10:08:54,-3.08,33,clear sky
2025-02-23 10:30:43,-3.24,36,clear sky
2025-02-23 10:41:55,-3.24,36,clear sky
2025-02-23 10:52:37,-3.24,36,clear sky
2025-02-23 11:10:06,-3.24,36,clear sky
2025-02-23 11:23:41,-3.39,35,clear sky
2025-02-23 11:36:03,-4.24,42,clear sky
2025-02-23 11:46:48,-4.24,42,clear sky
2025-02-23 11:57:33,-4.24,42,clear sky
2025-02-23 12:40:29,-5.24,50,clear sky
2025-02-23 13:01:11,-5.24,50,clear sky
2025-02-23 13:24:41,-5.24,50,clear sky
2025-02-23 13:36:42,-5.24,50,clear sky
2025-02-23 13:47:16,-5.24,50,clear sky
2025-02-23 13:57:55,-5.24,50,clear sky
2025-02-23 14:20:20,-3.76,39,clear sky
2025-02-23 14:34:19,-6.24,53,clear sky
2025-02-23 14:44:38,-6.24,53,clear sky
2025-02-23 14:55:22,-6.24,53,clear sky
2025-02-23 15:16:30,-3.63,39,clear sky
2025-02-23 15:29:26,-6.24,53,clear sky
2025-02-23 15:40:25,-6.24,53,clear sky
2025-02-23 15:50:59,-6.24,53,clear sky
2025-02-23 16:09:38,-6.24,53,clear sky
2025-02-23 16:31:02,-6.24,58,clear sky
2025-02-23 16:42:58,-6.24,58,clear sky
2025-02-23 16:53:32,-6.24,58,clear sky
2025-02-23 17:11:49,-3.7,39,clear sky
2025-02-23 17:27:58,-8.24,62,clear sky
2025-02-23 17:40:09,-8.24,62,clear sky
2025-02-23 17:50:32,-8.24,62,clear sky
2025-02-23 18:09:50,-3.84,39,clear sky
2025-02-23 18:32:49,-8.24,67,clear sky
2025-02-23 18:44:45,-8.24,67,clear sky
2025-02-23 18:55:17,-8.24,67,clear sky
2025-02-23 19:12:53,-4,41,clear sky
2025-02-23 19:23:33,-10.24,79,clear sky
2025-02-23 19:35:10,-10.24,79,clear sky
2025-02-23 19:45:38,-10.24,79,clear sky
2025-02-23 19:56:15,-10.24,79,clear sky
2025-02-23 20:19:39,-4.09,42,clear sky
2025-02-23 20:32:00,-10.24,73,clear sky
2025-02-23 20:42:34,-10.24,73,clear sky
2025-02-23 20:53:27,-10.24,73,clear sky
2025-02-23 21:12:03,-10.24,73,clear sky
2025-02-23 21:26:53,-9.24,73,clear sky
2025-02-23 21:37:57,-9.24,73,clear sky
2025-02-23 21:48:28,-9.24,73,clear sky
2025-02-23 21:58:59,-9.24,73,clear sky
2025-02-23 22:22:14,-4.35,43,clear sky
2025-02-23 22:35:55,-10.24,79,clear sky
2025-02-23 22:46:20,-10.24,79,clear sky
2025-02-23 22:57:03,-10.24,79,clear sky
2025-02-23 23:19:03,-4.24,43,clear sky
2025-02-23 23:29:23,-7.24,68,clear sky
2025-02-23 23:40:07,-7.24,68,clear sky
2025-02-23 23:50:43,-7.24,68,clear sky
2025-02-24 00:43:06,-2.24,54,clear sky
2025-02-24 02:11:52,-0.24,37,clear sky
2025-02-24 03:01:39,0.76,32,clear sky
2025-02-24 03:32:16,1.76,30,clear sky
2025-02-24 03:47:55,1.76,30,clear sky
2025-02-24 03:58:25,1.76,30,clear sky
2025-02-24 04:27:41,2.76,30,clear sky
2025-02-24 04:42:50,2.76,30,clear sky
2025-02-24 04:53:39,2.76,30,clear sky
2025-02-24 05:14:32,1.22,24,clear sky
2025-02-24 05:32:33,3.76,33,clear sky
2025-02-24 05:43:00,3.76,33,clear sky
2025-02-24 05:53:38,3.76,33,clear sky
2025-02-24 06:21:34,3.76,33,clear sky
2025-02-24 06:43:14,3.76,33,clear sky
2025-02-24 06:53:54,3.76,33,clear sky
2025-02-24 07:14:46,3.76,33,clear sky
2025-02-24 07:28:47,2.2,24,clear sky
2025-02-24 07:39:24,3.76,30,clear sky
2025-02-24 07:50:10,3.76,30,clear sky
2025-02-24 08:11:29,2.31,25,clear sky
2025-02-24 08:35:42,3.76,30,clear sky
2025-02-24 08:49:31,3.76,30,clear sky
2025-02-24 09:00:07,3.76,30,clear sky
2025-02-24 09:26:56,1.76,35,clear sky
2025-02-24 09:40:22,1.76,35,clear sky
2025-02-24 09:50:43,1.76,35,clear sky
2025-02-24 10:10:13,1.76,35,clear sky
2025-02-24 10:34:03,0.76,40,clear sky
2025-02-24 10:45:44,0.76,40,clear sky
2025-02-24 10:56:27,0.76,40,clear sky
2025-02-24 11:16:58,0.54,35,clear sky
2025-02-24 11:28:10,0.76,60,clear sky
2025-02-24 11:39:23,0.76,60,clear sky
2025-02-24 11:49:52,0.76,60,clear sky
2025-02-24 12:00:52,0.76,60,clear sky
2025-02-24 12:49:37,0.76,64,clear sky
2025-02-24 13:16:01,-0.09,41,clear sky
2025-02-24 13:37:00,-0.24,69,clear sky
2025-02-24 13:47:25,-0.24,69,clear sky
2025-02-24 13:58:06,-0.24,69,clear sky
2025-02-24 14:23:42,-0.26,42,clear sky
2025-02-24 14:40:04,-2.24,86,clear sky
2025-02-24 14:50:28,-2.24,86,clear sky
2025-02-24 15:09:28,-0.36,43,clear sky
2025-02-24 15:30:55,-5.24,93,clear sky
2025-02-24 15:43:29,-5.24,93,clear sky
2025-02-24 15:54:29,-5.24,93,clear sky
2025-02-24 16:21:12,-0.43,45,clear sky
2025-02-24 16:43:06,-6.24,100,clear sky
2025-02-24 16:54:28,-6.24,100,clear sky
2025-02-24 17:13:45,-6.24,100,clear sky
2025-02-24 17:30:16,-5.24,100,clear sky
2025-02-24 17:40:56,-5.24,100,clear sky
2025-02-24 17:51:28,-5.24,100,clear sky
2025-02-24 18:14:12,-5.24,100,clear sky
2025-02-24 18:40:25,-7.24,93,clear sky
2025-02-24 18:51:31,-7.24,93,clear sky
2025-02-24 19:08:32,-7.24,93,clear sky
2025-02-24 19:22:53,-0.5,65,few clouds
2025-02-24 19:35:18,-6.24,93,clear sky
2025-02-24 19:46:09,-6.24,93,clear sky
2025-02-24 19:56:46,-6.24,93,clear sky
2025-02-24 20:23:30,-7.24,100,clear sky
2025-02-24 20:37:27,-7.24,100,clear sky
2025-02-24 20:48:02,-7.24,100,clear sky
2025-02-24 20:58:28,-7.24,100,clear sky
2025-02-24 21:21:04,-0.58,69,broken clouds
2025-02-24 21:32:51,-7.24,100,clear sky
2025-02-24 21:43:10,-7.24,100,clear sky
2025-02-24 21:53:49,-7.24,100,clear sky
2025-02-24 22:13:51,-0.74,68,scattered clouds
2025-02-24 22:32:45,-6.24,100,clear sky
2025-02-24 22:43:28,-6.24,100,clear sky
2025-02-24 22:53:47,-6.24,100,clear sky
2025-02-24 23:14:04,-0.53,66,scattered clouds
2025-02-24 23:28:51,-0.53,66,scattered clouds
2025-02-24 23:39:39,-3.24,93,clear sky
2025-02-24 23:50:15,-3.24,93,clear sky
2025-02-25 00:38:32,0.76,80,clear sky
2025-02-25 02:09:07,3.76,60,clear sky
2025-02-25 02:59:38,3.76,60,broken clouds
2025-02-25 03:30:37,5.76,52,broken clouds
2025-02-25 03:45:30,5.76,52,broken clouds
2025-02-25 03:56:07,5.76,52,broken clouds
2025-02-25 04:23:43,3.82,50,overcast clouds
2025-02-25 04:40:03,4.76,56,broken clouds
2025-02-25 04:50:32,4.76,56,broken clouds
2025-02-25 05:08:46,4.76,56,broken clouds
2025-02-25 05:30:29,4.76,60,broken clouds
2025-02-25 05:42:07,4.76,60,broken clouds
2025-02-25 05:52:50,4.76,60,broken clouds
2025-02-25 06:18:17,4.69,53,overcast clouds
2025-02-25 06:41:24,4.76,65,broken clouds
2025-02-25 06:51:59,4.76,65,broken clouds
2025-02-25 07:11:34,4.76,65,broken clouds
2025-02-25 07:27:39,5.76,61,broken clouds
2025-02-25 07:38:49,5.76,61,broken clouds
2025-02-25 07:49:18,5.76,61,broken clouds
2025-02-25 07:59:57,5.76,61,broken clouds
2025-02-25 08:31:08,4.76,65,broken clouds
2025-02-25 08:46:37,4.76,65,broken clouds
2025-02-25 08:57:22,4.76,65,broken clouds
2025-02-25 09:24:24,4.76,70,broken clouds
2025-02-25 09:38:03,4.76,70,broken clouds
2025-02-25 09:48:54,4.76,70,broken clouds
2025-02-25 09:59:18,4.76,70,broken clouds
2025-02-25 10:27:23,3.76,75,broken clouds
2025-02-25 10:43:21,3.76,75,broken clouds
2025-02-25 10:53:46,3.76,75,broken clouds
2025-02-25 11:12:31,3.76,75,broken clouds
2025-02-25 11:26:35,3.76,75,broken clouds
2025-02-25 11:38:09,3.76,75,broken clouds
2025-02-25 11:48:57,3.76,75,broken clouds
2025-02-25 11:59:26,3.76,75,broken clouds
2025-02-25 12:48:38,3.76,81,scattered clouds
2025-02-25 13:15:25,1.76,93,scattered clouds
2025-02-25 13:36:11,1.76,93,scattered clouds
2025-02-25 13:46:35,1.76,93,scattered clouds
2025-02-25 13:56:54,1.76,93,scattered clouds
2025-02-25 14:20:39,2.47,86,clear sky
2025-02-25 14:38:45,1.76,93,scattered clouds
2025-02-25 14:49:15,1.76,93,scattered clouds
2025-02-25 14:59:35,1.76,93,scattered clouds
2025-02-25 15:26:45,2.76,93,scattered clouds
2025-02-25 15:41:35,2.76,93,scattered clouds
2025-02-25 15:52:14,2.76,93,scattered clouds
2025-02-25 16:14:52,2.15,88,clear sky
2025-02-25 16:40:32,2.76,93,mist
2025-02-25 16:52:58,2.76,93,mist
2025-02-25 17:14:40,1.9,90,clear sky
2025-02-25 17:34:38,2.76,100,mist
2025-02-25 17:45:14,2.76,100,mist
2025-02-25 17:55:53,2.76,100,mist
2025-02-25 18:27:08,2.76,100,mist
2025-02-25 18:46:25,2.76,100,mist
2025-02-25 18:57:04,2.76,100,mist
2025-02-25 19:17:30,1.76,100,mist
2025-02-25 19:28:01,1.76,100,mist
2025-02-25 19:39:03,1.76,100,mist
2025-02-25 19:49:42,1.76,100,mist
2025-02-25 20:00:17,1.76,100,mist
2025-02-25 20:26:31,-0.24,100,mist
2025-02-25 20:40:07,-0.24,100,mist
2025-02-25 20:50:52,-0.24,100,mist
2025-02-25 21:08:32,-0.24,100,mist
2025-02-25 21:26:11,-1.24,93,fog
2025-02-25 21:39:00,-1.24,93,fog
2025-02-25 21:49:39,-1.24,93,fog
2025-02-25 22:00:11,-1.24,93,fog
2025-02-25 22:24:43,-4.24,100,fog
2025-02-25 22:39:18,-4.24,100,fog
2025-02-25 22:49:56,-4.24,100,fog
2025-02-25 23:01:08,-4.24,100,fog
2025-02-25 23:22:37,-0.39,37,clear sky
2025-02-25 23:34:22,-2.24,93,fog
2025-02-25 23:44:43,-2.24,93,fog
2025-02-25 23:55:07,-2.24,93,fog
2025-02-26 01:20:46,2.76,75,mist
2025-02-26 02:34:24,4.76,45,haze
2025-02-26 03:05:03,4.76,45,haze
2025-02-26 03:34:42,6.76,26,clear sky
2025-02-26 03:48:21,6.76,26,clear sky
2025-02-26 03:58:47,6.76,26,clear sky
2025-02-26 04:29:11,7.76,17,clear sky
2025-02-26 04:47:01,7.76,17,clear sky
2025-02-26 04:56:18,7.76,17,clear sky
2025-02-26 05:19:36,5.8,15,clear sky
2025-02-26 05:36:08,7.76,21,clear sky
2025-02-26 05:46:51,7.76,21,clear sky
2025-02-26 05:57:31,7.76,21,clear sky
2025-02-26 06:32:01,7.76,19,clear sky
2025-02-26 06:47:31,7.76,19,clear sky
2025-02-26 06:57:57,7.76,19,clear sky
2025-02-26 07:21:53,7.76,18,clear sky
2025-02-26 07:33:45,7.76,18,clear sky
2025-02-26 07:44:19,7.76,18,clear sky
2025-02-26 07:55:05,7.76,18,clear sky
2025-02-26 08:23:18,6.76,19,clear sky
2025-02-26 08:42:12,6.76,19,clear sky
2025-02-26 08:52:54,6.76,19,clear sky
2025-02-26 09:14:24,4.08,29,clear sky
2025-02-26 09:31:52,4.76,22,clear sky
2025-02-26 09:42:33,4.76,22,clear sky
2025-02-26 09:53:15,4.76,22,clear sky
2025-02-26 10:14:47,3.39,33,clear sky
2025-02-26 10:37:05,2.76,23,clear sky
2025-02-26 10:47:42,2.76,23,clear sky
2025-02-26 10:58:27,2.76,23,clear sky
2025-02-26 11:20:04,2.78,40,clear sky
2025-02-26 11:30:50,1.76,27,clear sky
2025-02-26 11:41:16,1.76,27,clear sky
2025-02-26 11:51:52,1.76,27,clear sky
2025-02-26 12:21:00,2.2,47,clear sky
2025-02-26 12:56:47,0.76,37,clear sky
2025-02-26 13:27:30,1.64,48,clear sky
2025-02-26 13:41:40,-0.24,40,clear sky
2025-02-26 13:52:23,-0.24,40,clear sky
2025-02-26 14:12:08,-0.24,40,clear sky
2025-02-26 14:33:25,-1.24,51,clear sky
2025-02-26 14:45:29,-1.24,51,clear sky
2025-02-26 14:56:04,-1.24,51,clear sky
2025-02-26 15:22:42,-4.24,68,clear sky
2025-02-26 15:38:58,-4.24,68,clear sky
2025-02-26 15:49:45,-4.24,68,clear sky
2025-02-26 16:00:05,-4.24,68,clear sky
2025-02-26 16:31:46,-4.24,74,clear sky
2025-02-26 16:48:33,-4.24,74,clear sky
2025-02-26 16:59:04,-4.24,74,clear sky
2025-02-26 17:21:49,-5.24,63,clear sky
2025-02-26 17:36:06,-5.24,63,clear sky
2025-02-26 17:46:42,-5.24,63,clear sky
2025-02-26 17:57:13,-5.24,63,clear sky
2025-02-26 18:30:40,0.16,58,clear sky
2025-02-26 18:47:24,0.05,55,clear sky
2025-02-26 18:57:52,0.15,57,clear sky
2025-02-26 19:18:32,0.15,57,clear sky
2025-02-26 19:28:53,0.15,57,clear sky
2025-02-26 19:39:36,0.07,56,clear sky
2025-02-26 19:50:05,0.07,56,clear sky
2025-02-26 20:08:29,-6.24,73,clear sky
2025-02-26 20:29:19,-6.24,73,clear sky
2025-02-26 20:42:00,-6.24,73,clear sky
2025-02-26 20:52:36,-6.24,73,clear sky
2025-02-26 21:11:57,-6.24,73,clear sky
2025-02-26 21:28:01,0.01,54,clear sky
2025-02-26 21:39:17,-6.24,79,clear sky
2025-02-26 21:49:51,-6.24,79,clear sky
2025-02-26 22:00:33,-6.24,79,clear sky
2025-02-26 22:25:21,-6.24,86,clear sky
2025-02-26 22:39:42,-6.24,86,clear sky
2025-02-26 22:50:19,-6.24,86,clear sky
2025-02-26 23:07:55,0.34,48,clear sky
2025-02-26 23:27:01,-4.24,80,clear sky
2025-02-26 23:39:59,-4.24,80,clear sky
2025-02-26 23:50:19,-4.24,80,clear sky
2025-02-27 00:38:58,2.76,60,clear sky
2025-02-27 02:09:33,5.76,24,clear sky
2025-02-27 02:59:50,8.76,25,clear sky
2025-02-27 03:31:24,9.76,16,clear sky
2025-02-27 03:47:14,9.76,16,clear sky
2025-02-27 03:57:54,9.76,16,clear sky
2025-02-27 04:28:03,11.76,13,clear sky
2025-02-27 04:43:55,11.76,13,clear sky
2025-02-27 04:54:35,11.76,13,clear sky
2025-02-27 05:17:01,12.76,11,clear sky
2025-02-27 05:35:36,12.76,11,clear sky
2025-02-27 05:46:20,12.76,11,clear sky
2025-02-27 05:56:55,12.76,11,clear sky
2025-02-27 06:30:29,12.76,11,few clouds
2025-02-27 06:47:25,12.76,11,few clouds
2025-02-27 06:57:49,12.76,11,few clouds
2025-02-27 07:21:56,12.76,13,clear sky
2025-02-27 07:33:29,12.76,13,clear sky
2025-02-27 07:44:07,12.76,13,clear sky
2025-02-27 07:54:28,12.76,13,clear sky
2025-02-27 08:21:30,11.76,16,clear sky
2025-02-27 08:39:52,11.76,16,clear sky
2025-02-27 08:51:29,11.76,16,clear sky
2025-02-27 09:11:13,8.93,15,broken clouds
2025-02-27 09:30:20,10.76,19,clear sky
2025-02-27 09:41:56,10.76,19,clear sky
2025-02-27 09:52:32,10.76,19,clear sky
2025-02-27 10:13:29,10.76,19,clear sky
2025-02-27 10:36:25,6.76,31,clear sky
2025-02-27 10:47:04,6.76,31,clear sky
2025-02-27 10:57:42,6.76,31,clear sky
2025-02-27 11:18:55,7.3,17,broken clouds
2025-02-27 11:29:16,2.76,41,clear sky
2025-02-27 11:39:38,2.76,41,clear sky
2025-02-27 11:50:19,2.76,41,clear sky
2025-02-27 12:14:53,2.76,41,clear sky
2025-02-27 12:54:34,2.76,41,clear sky
2025-02-27 13:24:22,5.92,17,overcast clouds
2025-02-27 13:40:27,-0.24,51,clear sky
2025-02-27 13:51:07,-0.24,51,clear sky
2025-02-27 14:09:44,-0.24,51,clear sky
2025-02-27 14:31:57,-0.24,59,clear sky
2025-02-27 14:44:24,-0.24,59,clear sky
2025-02-27 14:54:48,-0.24,59,clear sky
2025-02-27 15:19:03,4.62,21,broken clouds
2025-02-27 15:35:38,0.76,60,broken clouds
2025-02-27 15:45:57,0.76,60,broken clouds
2025-02-27 15:56:31,0.76,60,broken clouds
2025-02-27 16:27:17,-0.24,69,broken clouds
2025-02-27 16:47:03,-0.24,69,broken clouds
2025-02-27 16:57:13,-0.24,69,broken clouds
2025-02-27 17:19:55,3.83,25,broken clouds
2025-02-27 17:34:57,0.76,75,broken clouds
2025-02-27 17:45:22,0.76,75,broken clouds
2025-02-27 17:55:46,0.76,75,broken clouds
2025-02-27 18:26:59,0.76,64,broken clouds
2025-02-27 18:46:30,0.76,64,broken clouds
2025-02-27 18:57:05,0.76,64,broken clouds
2025-02-27 19:17:25,4,35,broken clouds
2025-02-27 19:27:55,-0.24,64,scattered clouds
2025-02-27 19:39:06,-0.24,64,scattered clouds
2025-02-27 19:49:47,-0.24,64,scattered clouds
2025-02-27 20:00:14,-0.24,64,scattered clouds
2025-02-27 20:26:23,-0.24,69,broken clouds
2025-02-27 20:40:26,-0.24,69,broken clouds
2025-02-27 20:51:04,-0.24,69,broken clouds
2025-02-27 21:08:58,-0.24,69,broken clouds
2025-02-27 21:26:39,-0.24,80,broken clouds
2025-02-27 21:38:24,-0.24,80,broken clouds
2025-02-27 21:48:58,-0.24,80,broken clouds
2025-02-27 21:59:38,-0.24,80,broken clouds
2025-02-27 22:25:39,1.76,64,broken clouds
2025-02-27 22:40:38,1.76,64,broken clouds
2025-02-27 22:51:17,1.76,64,broken clouds
2025-02-27 23:09:58,1.76,64,broken clouds
2025-02-27 23:27:13,1.76,75,broken clouds
2025-02-27 23:38:42,1.76,75,broken clouds
2025-02-27 23:49:24,1.76,75,broken clouds
2025-02-27 23:59:42,1.76,75,broken clouds
2025-02-28 01:52:59,6.76,49,broken clouds
2025-02-28 02:49:52,9.76,40,broken clouds
2025-02-28 03:16:34,5.97,49,overcast clouds
2025-02-28 03:39:51,10.76,58,broken clouds
2025-02-28 03:50:58,10.76,58,broken clouds
2025-02-28 04:12:09,10.76,62,broken clouds
2025-02-28 04:34:50,10.76,62,broken clouds
2025-02-28 04:46:38,10.76,62,broken clouds
2025-02-28 04:57:11,10.76,62,broken clouds
2025-02-28 05:22:39,7.74,59,overcast clouds
2025-02-28 05:38:45,10.76,62,broken clouds
2025-02-28 05:49:13,10.76,62,broken clouds
2025-02-28 05:59:34,10.76,62,broken clouds
2025-02-28 06:33:24,11.76,58,broken clouds
2025-02-28 06:48:11,11.76,58,broken clouds
2025-02-28 06:58:44,11.76,58,broken clouds
2025-02-28 07:22:38,11.76,58,broken clouds
2025-02-28 07:33:59,11.76,58,broken clouds
2025-02-28 07:44:33,11.76,58,broken clouds
2025-02-28 07:55:01,11.76,58,broken clouds
2025-02-28 08:22:10,10.76,66,scattered clouds
2025-02-28 08:40:20,10.76,66,scattered clouds
2025-02-28 08:51:03,10.76,66,scattered clouds
2025-02-28 09:10:06,8.65,65,clear sky
2025-02-28 09:29:31,9.76,71,clear sky
2025-02-28 09:41:19,9.76,71,clear sky
2025-02-28 09:51:54,9.76,71,clear sky
2025-02-28 10:11:59,7.71,69,clear sky
2025-02-28 10:34:20,4.76,87,clear sky
2025-02-28 10:45:22,4.76,87,clear sky
2025-02-28 10:55:41,4.76,87,clear sky
2025-02-28 11:15:29,4.76,100,clear sky
2025-02-28 11:27:12,4.76,100,clear sky
2025-02-28 11:38:40,4.76,100,clear sky
2025-02-28 11:49:07,4.76,100,clear sky
2025-02-28 11:59:47,4.76,100,clear sky
2025-02-28 12:47:51,3.76,100,clear sky
2025-02-28 13:14:15,3.76,100,clear sky
2025-02-28 13:33:52,3.76,100,mist
2025-02-28 13:44:22,3.76,100,mist
2025-02-28 13:54:46,3.76,100,mist
2025-02-28 14:15:53,0.76,100,mist
2025-02-28 14:34:37,0.76,100,mist
2025-02-28 14:45:24,0.76,100,mist
2025-02-28 14:56:05,0.76,100,mist
2025-02-28 15:21:11,0.76,100,fog
2025-02-28 15:36:22,0.76,100,fog
2025-02-28 15:46:54,0.76,100,fog
2025-02-28 15:57:34,0.76,100,fog
2025-02-28 16:29:07,-1.24,100,fog
2025-02-28 16:46:04,-1.24,100,fog
2025-02-28 16:56:35,-0.24,93,fog
2025-02-28 17:16:40,-0.24,93,fog
2025-02-28 17:32:20,-0.24,100,fog
2025-02-28 17:42:43,-0.24,100,fog
2025-02-28 17:53:11,-0.24,100,fog
2025-02-28 18:18:34,3.88,81,few clouds
2025-02-28 18:41:13,-1.24,100,fog
2025-02-28 18:51:45,-1.24,100,fog
2025-02-28 19:09:09,-1.24,100,fog
2025-02-28 19:24:22,-0.24,100,fog
2025-02-28 19:35:59,-0.24,100,fog
2025-02-28 19:46:37,-0.24,100,fog
2025-02-28 19:57:02,-0.24,100,fog
2025-02-28 20:23:27,3.59,79,overcast clouds
2025-02-28 20:37:43,-0.24,100,fog
2025-02-28 20:48:13,-0.24,100,fog
2025-02-28 20:58:41,-0.24,100,fog
2025-02-28 21:21:37,-1.24,100,fog
2025-02-28 21:33:05,-1.24,100,fog
2025-02-28 21:43:35,-1.24,100,fog
2025-02-28 21:53:59,-1.24,100,fog
2025-02-28 22:14:16,3.51,77,overcast clouds
2025-02-28 22:33:03,-1.24,100,fog
2025-02-28 22:43:49,-0.24,100,fog
2025-02-28 22:54:31,-0.24,100,fog
2025-02-28 23:14:58,-0.24,93,fog
2025-02-28 23:28:55,-0.24,100,fog
2025-02-28 23:40:03,-0.24,100,fog
2025-02-28 23:50:52,-0.24,100,fog
2025-03-01 00:46:37,1.76,100,mist
2025-03-01 02:16:37,8.76,71,overcast clouds
2025-03-01 03:07:15,8.76,71,mist
2025-03-01 03:39:41,13.76,44,haze
2025-03-01 03:51:39,13.76,44,haze
2025-03-01 04:12:49,8.28,50,overcast clouds
2025-03-01 04:33:24,12.76,47,haze
2025-03-01 04:44:36,12.76,47,haze
2025-03-01 04:55:01,12.76,47,haze
2025-03-01 05:16:13,8.49,49,moderate rain
2025-03-01 05:32:01,11.76,54,light rain
2025-03-01 05:42:41,11.76,54,moderate rain
2025-03-01 05:53:19,11.76,54,moderate rain
2025-03-01 06:18:50,12.78,50,moderate rain
2025-03-01 06:40:29,10.76,82,moderate rain
2025-03-01 06:51:12,10.76,82,broken clouds
2025-03-01 07:08:43,10.76,82,broken clouds
2025-03-01 07:25:05,11.76,66,overcast clouds
2025-03-01 07:36:14,11.76,66,haze
2025-03-01 07:47:04,11.76,66,haze
2025-03-01 07:57:49,11.76,66,haze
2025-03-01 08:27:09,11.76,62,haze
2025-03-01 08:42:43,11.76,62,haze
2025-03-01 08:53:34,11.76,62,haze
2025-03-01 09:13:47,7.6,64,overcast clouds
2025-03-01 09:29:28,10.76,71,overcast clouds
2025-03-01 09:39:52,10.76,71,haze
2025-03-01 09:50:14,10.76,71,haze
2025-03-01 10:07:46,10.76,71,haze
2025-03-01 10:30:14,9.76,76,overcast clouds
2025-03-01 10:41:36,9.76,76,broken clouds
2025-03-01 10:52:23,9.76,76,broken clouds
2025-03-01 11:09:02,9.76,76,broken clouds
2025-03-01 11:22:32,7.58,65,overcast clouds
2025-03-01 11:35:18,7.76,81,overcast clouds
2025-03-01 11:45:41,7.76,81,broken clouds
2025-03-01 11:56:22,7.76,81,broken clouds
2025-03-01 12:36:41,5.76,100,mist
2025-03-01 13:00:15,5.76,100,mist
2025-03-01 13:25:33,6.76,93,mist
2025-03-01 13:37:03,6.76,93,mist
2025-03-01 13:47:39,6.76,93,mist
2025-03-01 13:58:24,6.76,93,mist
2025-03-01 14:21:37,6.76,87,mist
2025-03-01 14:35:38,6.76,87,mist
2025-03-01 14:46:18,6.76,87,mist
2025-03-01 14:57:05,6.76,87,mist
2025-03-01 15:21:27,7.43,53,broken clouds
2025-03-01 15:34:35,3.76,100,mist
2025-03-01 15:45:04,3.76,100,mist
2025-03-01 15:55:51,3.76,100,mist
2025-03-01 16:21:19,7.07,55,broken clouds
2025-03-01 16:38:41,3.76,100,mist
2025-03-01 16:49:27,3.76,100,mist
2025-03-01 16:59:50,3.76,100,mist
2025-03-01 17:20:19,6.77,56,broken clouds
2025-03-01 17:31:26,3.76,100,mist
2025-03-01 17:41:57,3.76,100,mist
2025-03-01 17:52:46,3.76,100,mist
2025-03-01 18:15:53,6.47,56,broken clouds
2025-03-01 18:36:43,3.76,100,mist
2025-03-01 18:47:03,3.76,100,mist
2025-03-01 18:57:22,3.76,100,mist
2025-03-01 19:16:12,4.76,100,mist
2025-03-01 19:26:54,4.76,100,mist
2025-03-01 19:37:40,4.76,100,mist
2025-03-01 19:48:22,4.76,100,mist
2025-03-01 19:58:59,4.76,100,mist
2025-03-01 20:23:43,5.76,93,mist
2025-03-01 20:35:46,5.76,93,mist
2025-03-01 20:46:23,5.76,93,mist
2025-03-01 20:56:59,5.76,93,mist
2025-03-01 21:19:26,5.76,93,mist
2025-03-01 21:30:45,4.76,100,mist
2025-03-01 21:41:07,4.76,100,mist
2025-03-01 21:51:41,4.76,100,mist
2025-03-01 22:08:55,4.76,100,mist
2025-03-01 22:29:30,4.76,100,mist
2025-03-01 22:40:49,4.76,100,mist
2025-03-01 22:51:16,4.76,100,mist
2025-03-01 23:10:38,7.21,50,overcast clouds
2025-03-01 23:27:02,5.76,87,mist
2025-03-01 23:38:19,5.76,87,mist
2025-03-01 23:48:46,5.76,87,mist
2025-03-01 23:59:26,5.76,87,mist
2025-03-02 01:58:07,8.76,71,broken clouds
2025-03-02 02:59:12,10.76,62,broken clouds
2025-03-02 03:31:24,12.76,54,overcast clouds
2025-03-02 03:46:57,12.76,54,broken clouds
2025-03-02 03:57:21,12.76,54,broken clouds
2025-03-02 04:25:16,14.76,41,clear sky
2025-03-02 04:40:17,14.76,41,clear sky
2025-03-02 04:50:55,14.76,41,clear sky
2025-03-02 05:09:04,14.76,41,clear sky
2025-03-02 05:30:36,8.99,45,overcast clouds
2025-03-02 05:42:00,13.76,41,clear sky
2025-03-02 05:52:26,13.76,41,clear sky
2025-03-02 06:16:28,8.73,54,overcast clouds
2025-03-02 06:39:08,13.76,35,moderate rain
2025-03-02 06:49:48,13.76,35,moderate rain
2025-03-02 07:00:13,13.76,35,moderate rain
2025-03-02 07:20:49,8.09,64,moderate rain
2025-03-02 07:33:03,10.76,62,moderate rain
2025-03-02 07:42:31,10.76,62,moderate rain
2025-03-02 07:52:51,10.76,62,moderate rain
2025-03-02 08:15:03,10.76,62,moderate rain
2025-03-02 08:33:43,7.76,93,moderate rain
2025-03-02 08:45:01,7.76,93,moderate rain
2025-03-02 08:55:26,7.76,93,moderate rain
2025-03-02 09:18:24,7.76,93,moderate rain
2025-03-02 09:31:16,6.76,100,moderate rain
2025-03-02 09:41:53,6.76,100,moderate rain
2025-03-02 09:52:46,6.76,100,moderate rain
2025-03-02 10:12:55,4.57,84,moderate rain
2025-03-02 10:32:37,5.76,93,moderate rain
2025-03-02 10:43:21,5.76,93,moderate rain
2025-03-02 10:53:48,5.76,93,moderate rain
2025-03-02 11:11:57,5.76,93,moderate rain
2025-03-02 11:24:03,4.76,93,moderate rain
2025-03-02 11:35:43,4.76,93,light rain
2025-03-02 11:46:18,4.76,93,light rain
2025-03-02 11:57:03,4.76,93,moderate rain
2025-03-02 12:38:25,4.76,87,light rain
2025-03-02 13:00:13,4.76,87,moderate rain
2025-03-02 13:25:20,2.88,80,moderate rain
2025-03-02 13:36:47,3.76,93,moderate rain
2025-03-02 13:47:21,3.76,93,light rain
2025-03-02 13:57:46,3.76,93,light rain
2025-03-02 14:20:46,2.06,82,light rain
2025-03-02 14:34:38,2.76,93,moderate rain
2025-03-02 14:44:58,2.76,93,moderate rain
2025-03-02 14:55:41,2.76,93,moderate rain
2025-03-02 15:18:08,1,93,snow
2025-03-02 15:30:43,2.76,93,moderate rain
2025-03-02 15:41:14,2.76,93,heavy intensity rain
2025-03-02 15:51:59,2.76,93,moderate rain
2025-03-02 16:13:15,0.66,99,snow
2025-03-02 16:33:58,2.76,93,moderate rain
2025-03-02 16:45:16,2.76,93,moderate rain
2025-03-02 16:55:54,2.76,93,moderate rain
2025-03-02 17:15:17,0.46,100,snow
2025-03-02 17:30:16,2.76,93,moderate rain
2025-03-02 17:40:58,2.76,93,moderate rain
2025-03-02 17:51:32,2.76,93,moderate rain
2025-03-02 18:13:10,1.76,100,moderate rain
2025-03-02 18:38:28,1.76,100,light rain
2025-03-02 18:49:45,1.76,100,light rain
2025-03-02 18:59:59,1.76,100,light rain
2025-03-02 19:17:34,1.76,100,light rain
2025-03-02 19:28:03,1.76,100,moderate rain
2025-03-02 19:38:34,1.76,100,moderate rain
2025-03-02 19:49:19,1.76,100,moderate rain
2025-03-02 19:59:51,1.76,100,light rain
2025-03-02 20:24:01,0.76,100,moderate rain
2025-03-02 20:36:12,0.76,100,light rain
2025-03-02 20:46:47,0.76,100,moderate rain
2025-03-02 20:57:13,0.76,100,light rain
2025-03-02 21:19:36,0.1,95,snow
2025-03-02 21:30:11,0.76,100,snow
2025-03-02 21:40:48,0.76,100,snow
2025-03-02 21:51:32,0.76,100,snow
2025-03-02 22:08:49,0.76,100,snow
2025-03-02 22:30:02,0.76,100,light snow
2025-03-02 22:41:17,0.76,100,overcast clouds
2025-03-02 22:51:57,0.76,100,overcast clouds
2025-03-02 23:10:14,0.76,100,overcast clouds
2025-03-02 23:26:15,1.76,93,broken clouds
2025-03-02 23:37:53,1.76,93,mist
2025-03-02 23:48:17,1.76,93,mist
2025-03-02 23:59:00,1.76,93,broken clouds
2025-03-03 01:55:30,3.76,65,broken clouds
2025-03-03 02:55:01,4.76,65,clear sky
2025-03-03 03:27:16,5.76,56,clear sky
2025-03-03 03:46:39,5.76,56,clear sky
2025-03-03 03:57:06,5.76,56,clear sky
2025-03-03 04:27:25,6.76,57,clear sky
2025-03-03 04:44:06,6.76,57,clear sky
2025-03-03 04:54:41,6.76,57,clear sky
2025-03-03 05:17:00,6.78,49,scattered clouds
2025-03-03 05:35:24,6.76,57,clear sky
2025-03-03 05:46:07,6.76,57,clear sky
2025-03-03 05:56:38,6.76,57,clear sky
2025-03-03 06:30:47,5.76,52,clear sky
2025-03-03 06:48:56,5.76,52,clear sky
2025-03-03 06:59:14,5.76,52,clear sky
2025-03-03 07:24:02,4.44,52,broken clouds
2025-03-03 07:35:45,4.76,52,clear sky
2025-03-03 07:46:17,4.76,52,clear sky
2025-03-03 07:56:56,4.76,52,clear sky
2025-03-03 08:30:09,4.76,52,clear sky
2025-03-03 08:45:46,4.76,52,clear sky
2025-03-03 08:56:20,4.76,52,clear sky
2025-03-03 09:23:27,2.33,52,overcast clouds
2025-03-03 09:39:09,3.76,52,clear sky
2025-03-03 09:49:43,3.76,52,clear sky
2025-03-03 10:00:05,3.76,52,clear sky
2025-03-03 10:28:43,2.76,56,clear sky
2025-03-03 10:44:37,2.76,56,clear sky
2025-03-03 10:55:15,2.76,56,clear sky
2025-03-03 11:15:26,2.76,56,clear sky
2025-03-03 11:28:12,1.76,55,clear sky
2025-03-03 11:39:28,1.76,55,clear sky
2025-03-03 11:50:07,1.76,55,clear sky
2025-03-03 12:14:16,1.76,55,clear sky
2025-03-03 12:54:42,1.76,51,clear sky
2025-03-03 13:24:26,0.72,52,overcast clouds
2025-03-03 13:41:10,1.76,51,clear sky
2025-03-03 13:51:51,1.76,51,clear sky
2025-03-03 14:11:22,0.7,52,overcast clouds
2025-03-03 14:33:04,1.76,48,clear sky
2025-03-03 14:45:27,1.76,48,clear sky
2025-03-03 14:56:12,1.76,48,clear sky
2025-03-03 15:22:12,1.76,51,clear sky
2025-03-03 15:38:05,1.76,51,clear sky
2025-03-03 15:48:44,1.76,51,clear sky
2025-03-03 15:59:08,1.76,51,clear sky
2025-03-03 16:30:41,1.76,55,clear sky
2025-03-03 16:48:13,1.76,55,clear sky
2025-03-03 16:58:38,1.76,55,clear sky
2025-03-03 17:21:54,0.79,54,overcast clouds
2025-03-03 17:36:47,1.76,51,clear sky
2025-03-03 17:47:13,1.76,51,clear sky
2025-03-03 17:57:34,1.76,51,clear sky
2025-03-03 18:30:14,1.76,51,clear sky
2025-03-03 18:47:14,1.76,51,clear sky
2025-03-03 18:57:25,1.76,51,clear sky
2025-03-03 19:18:11,0.77,57,overcast clouds
2025-03-03 19:28:34,1.76,55,clear sky
2025-03-03 19:39:32,1.76,55,clear sky
2025-03-03 19:50:14,1.76,55,clear sky
2025-03-03 20:08:52,1.76,55,clear sky
2025-03-03 20:30:00,1.76,55,clear sky
2025-03-03 20:44:07,1.76,55,clear sky
2025-03-03 20:54:26,1.76,55,snow
2025-03-03 21:16:06,0.7,58,overcast clouds
2025-03-03 21:30:58,1.76,55,clear sky
2025-03-03 21:43:02,1.76,55,clear sky
2025-03-03 21:53:16,1.76,55,clear sky
2025-03-03 22:13:03,1.76,55,clear sky
2025-03-03 22:33:00,2.76,52,moderate rain
2025-03-03 22:43:56,2.76,52,light rain
2025-03-03 22:54:41,2.76,52,clear sky
2025-03-03 23:15:49,2.76,52,clear sky
2025-03-03 23:29:31,2.76,56,clear sky
2025-03-03 23:40:24,2.76,56,light rain
2025-03-03 23:50:58,2.76,56,snow
2025-03-04 00:44:49,1.76,75,snow
2025-03-04 02:12:41,-0.24,100,snow
2025-03-04 03:03:24,0.76,100,snow
2025-03-04 03:35:07,0.76,100,snow
2025-03-04 03:50:06,0.76,100,snow
2025-03-04 04:09:35,0.76,100,snow
2025-03-04 04:32:23,1.76,100,snow
2025-03-04 04:46:09,1.76,100,snow
2025-03-04 04:56:40,1.76,100,snow
2025-03-04 05:20:20,1.76,100,snow
2025-03-04 05:36:53,1.76,100,light rain
2025-03-04 05:47:37,1.76,100,light rain
2025-03-04 05:58:20,1.76,100,light rain
2025-03-04 06:33:10,2.76,87,moderate rain
2025-03-04 06:48:46,2.76,87,light rain
2025-03-04 06:59:23,2.76,87,light rain
2025-03-04 07:24:09,2.76,93,light rain
2025-03-04 07:36:38,2.76,93,light rain
2025-03-04 07:47:12,2.76,93,broken clouds
2025-03-04 07:57:51,2.76,93,broken clouds
2025-03-04 08:29:12,3.76,81,broken clouds
2025-03-04 08:46:47,3.76,81,broken clouds
2025-03-04 08:57:16,3.76,81,broken clouds
2025-03-04 09:23:58,2.78,70,broken clouds
2025-03-04 09:38:35,3.76,70,broken clouds
2025-03-04 09:49:18,3.76,70,broken clouds
2025-03-04 09:59:42,3.76,70,broken clouds
2025-03-04 10:28:10,2.76,81,broken clouds
2025-03-04 10:44:29,2.76,81,broken clouds
2025-03-04 10:55:03,2.76,81,broken clouds
2025-03-04 11:14:47,2.27,66,overcast clouds
2025-03-04 11:27:35,1.76,87,broken clouds
2025-03-04 11:39:12,1.76,87,broken clouds
2025-03-04 11:49:48,1.76,87,broken clouds
2025-03-04 12:00:27,1.76,87,broken clouds
2025-03-04 12:49:26,1.76,87,clear sky
2025-03-04 13:16:04,1.76,87,clear sky
2025-03-04 13:37:31,1.76,80,clear sky
2025-03-04 13:48:18,1.76,80,clear sky
2025-03-04 13:58:50,1.76,80,clear sky
2025-03-04 14:24:24,2.14,65,light rain
2025-03-04 14:40:46,1.76,75,clear sky
2025-03-04 14:51:23,1.76,75,snow
2025-03-04 15:11:02,1.84,68,overcast clouds
2025-03-04 15:31:46,1.76,75,clear sky
2025-03-04 15:44:54,1.76,75,clear sky
2025-03-04 15:55:25,1.76,75,light snow
2025-03-04 16:24:13,1.76,75,clear sky
2025-03-04 16:45:04,1.76,75,clear sky
2025-03-04 16:55:20,1.76,75,clear sky
2025-03-04 17:16:39,1.01,72,overcast clouds
2025-03-04 17:33:03,1.76,75,clear sky
2025-03-04 17:43:41,1.76,75,clear sky
2025-03-04 17:54:09,1.76,75,clear sky
2025-03-04 18:25:52,1.76,75,light snow
2025-03-04 18:26:05,0.73,72,overcast clouds
2025-03-04 18:46:53,1.76,75,clear sky
2025-03-04 18:57:19,1.76,75,clear sky
2025-03-04 19:17:50,1.15,76,overcast clouds
2025-03-04 19:28:08,1.76,75,clear sky
2025-03-04 19:39:32,1.76,75,clear sky
2025-03-04 19:50:13,1.76,75,clear sky
2025-03-04 20:08:44,1.76,75,clear sky
2025-03-04 20:29:26,1.76,75,clear sky
2025-03-04 20:42:02,1.76,75,clear sky
2025-03-04 20:52:51,1.76,75,light snow
2025-03-04 21:12:44,0.98,75,light snow
2025-03-04 21:28:52,1.76,75,clear sky
2025-03-04 21:39:57,1.76,75,clear sky
2025-03-04 21:50:39,1.76,75,clear sky
2025-03-04 22:08:21,1.76,75,snow
2025-03-04 22:29:22,1.76,75,snow
2025-03-04 22:41:45,1.76,75,clear sky
2025-03-04 22:52:10,1.76,75,clear sky
2025-03-04 23:11:13,1.76,75,clear sky
2025-03-04 23:27:36,1.76,75,clear sky
2025-03-04 23:39:10,1.76,75,clear sky
2025-03-04 23:49:28,1.76,75,clear sky
2025-03-05 00:00:07,1.76,75,clear sky
2025-03-05 01:54:51,3.76,65,light rain
2025-03-05 02:52:57,4.76,65,clear sky
2025-03-05 03:21:59,5.87,51,light rain
2025-03-05 03:42:17,4.76,65,clear sky
2025-03-05 03:53:02,4.76,65,clear sky
2025-03-05 04:16:28,6.82,47,overcast clouds
2025-03-05 04:36:50,5.76,65,clear sky
2025-03-05 04:48:34,5.76,65,clear sky
2025-03-05 04:58:54,5.76,65,clear sky
2025-03-05 05:24:58,6.76,61,clear sky
2025-03-05 05:39:43,6.76,61,clear sky
2025-03-05 05:50:32,6.76,61,clear sky
2025-03-05 06:12:45,7.88,41,overcast clouds
2025-03-05 06:40:43,7.76,57,broken clouds
2025-03-05 06:52:17,7.76,57,broken clouds
2025-03-05 07:12:02,7.79,41,overcast clouds
2025-03-05 07:29:00,7.76,57,broken clouds
2025-03-05 07:41:30,7.76,57,broken clouds
2025-03-05 07:52:05,7.76,57,broken clouds
2025-03-05 08:15:47,7.73,39,overcast clouds
2025-03-05 08:39:25,7.76,57,clear sky
2025-03-05 08:52:13,7.76,57,clear sky
2025-03-05 09:13:17,7.76,57,clear sky
2025-03-05 09:31:58,6.76,61,clear sky
2025-03-05 09:43:10,6.76,61,clear sky
2025-03-05 09:53:42,6.76,61,clear sky
2025-03-05 10:16:07,6.84,42,overcast clouds
2025-03-05 10:38:27,4.76,65,few clouds
2025-03-05 10:48:53,4.76,65,few clouds
2025-03-05 10:59:33,4.76,65,few clouds
2025-03-05 11:20:34,6.22,46,overcast clouds
2025-03-05 11:31:38,3.76,75,few clouds
2025-03-05 11:42:15,3.76,75,few clouds
2025-03-05 11:52:59,3.76,75,few clouds
2025-03-05 12:26:41,3.76,81,clear sky
2025-03-05 13:01:27,3.76,81,clear sky
2025-03-05 13:31:27,1.76,93,clear sky
2025-03-05 13:43:59,1.76,93,clear sky
2025-03-05 13:54:21,1.76,93,clear sky
2025-03-05 14:15:39,4.15,48,clear sky
2025-03-05 14:35:41,1.76,87,clear sky
2025-03-05 14:46:04,1.76,87,clear sky
2025-03-05 14:56:42,1.76,87,clear sky
2025-03-05 15:22:43,0.76,80,clear sky
2025-03-05 15:37:56,0.76,80,clear sky
2025-03-05 15:48:36,0.76,80,clear sky
2025-03-05 15:59:09,0.76,80,clear sky
2025-03-05 16:37:07,-0.24,80,clear sky
2025-03-05 16:54:59,-0.24,80,clear sky
2025-03-05 17:15:48,-0.24,80,clear sky
2025-03-05 17:33:11,-1.24,93,clear sky
2025-03-05 17:43:55,-1.24,93,clear sky
2025-03-05 17:54:48,-1.24,93,clear sky
2025-03-05 18:24:56,-2.24,93,clear sky
2025-03-05 18:46:24,-2.24,93,clear sky
2025-03-05 18:56:49,-2.24,93,clear sky
2025-03-05 19:17:32,1.97,53,clear sky
2025-03-05 19:27:58,1.97,53,clear sky
2025-03-05 19:39:41,-2.24,86,clear sky
2025-03-05 19:50:17,-2.24,86,clear sky
2025-03-05 20:09:09,1.77,55,clear sky
2025-03-05 20:30:12,-1.24,80,clear sky
2025-03-05 20:43:23,-1.24,80,clear sky
2025-03-05 20:54:01,-1.24,80,clear sky
2025-03-05 21:14:32,1.39,56,clear sky
2025-03-05 21:29:47,-3.24,86,clear sky
2025-03-05 21:40:24,-3.24,86,clear sky
2025-03-05 21:51:01,-3.24,86,clear sky
2025-03-05 22:09:15,-3.24,86,clear sky
2025-03-05 22:31:13,-1.24,86,clear sky
2025-03-05 22:43:16,-1.24,86,clear sky
2025-03-05 22:53:53,-1.24,86,clear sky
2025-03-05 23:14:52,-1.24,86,clear sky
2025-03-05 23:30:59,-0.24,80,clear sky
2025-03-05 23:41:54,-0.24,80,clear sky
2025-03-05 23:52:31,-0.24,80,clear sky
2025-03-06 01:00:21,2.76,70,clear sky
2025-03-06 02:24:28,5.76,56,clear sky
2025-03-06 03:06:36,5.76,56,clear sky
2025-03-06 03:36:41,6.76,53,clear sky
2025-03-06 03:50:09,6.76,53,clear sky
2025-03-06 04:09:41,6.76,53,clear sky
2025-03-06 04:34:07,7.76,46,clear sky
2025-03-06 04:48:18,7.76,46,clear sky
2025-03-06 04:58:36,7.76,46,clear sky
2025-03-06 05:24:20,8.76,40,clear sky
2025-03-06 05:39:27,8.76,40,clear sky
2025-03-06 05:49:48,8.76,40,clear sky
2025-03-06 06:00:10,8.76,40,clear sky
2025-03-06 06:34:18,8.76,40,clear sky
2025-03-06 06:49:19,8.76,40,clear sky
2025-03-06 07:00:07,8.76,40,clear sky
2025-03-06 07:25:32,9.76,37,clear sky
2025-03-06 07:39:07,9.76,37,clear sky
2025-03-06 07:49:35,9.76,37,clear sky
2025-03-06 08:00:20,9.76,37,clear sky
2025-03-06 08:31:24,8.76,40,clear sky
2025-03-06 08:47:24,8.76,40,clear sky
2025-03-06 08:58:04,8.76,40,clear sky
2025-03-06 09:25:39,6.76,53,clear sky
2025-03-06 09:39:39,6.76,53,clear sky
2025-03-06 09:50:22,6.76,53,clear sky
2025-03-06 10:09:04,7.77,30,scattered clouds
2025-03-06 10:34:59,5.76,45,clear sky
2025-03-06 10:47:20,5.76,45,clear sky
2025-03-06 10:58:07,5.76,45,clear sky
2025-03-06 11:19:10,4.76,45,clear sky
2025-03-06 11:29:34,4.76,45,clear sky
2025-03-06 11:40:17,4.76,45,clear sky
2025-03-06 11:51:03,4.76,45,clear sky
2025-03-06 12:17:50,6.25,32,few clouds
2025-03-06 12:56:11,2.76,52,clear sky
2025-03-06 13:26:48,2.76,52,clear sky
2025-03-06 13:41:47,2.76,52,clear sky
2025-03-06 13:52:25,2.76,52,clear sky
2025-03-06 14:12:03,4.67,36,clear sky
2025-03-06 14:33:44,-0.24,64,clear sky
2025-03-06 14:45:29,-0.24,64,clear sky
2025-03-06 14:55:55,-0.24,64,clear sky
2025-03-06 15:20:59,0.76,60,clear sky
2025-03-06 15:37:36,0.76,60,clear sky
2025-03-06 15:48:23,0.76,60,clear sky
2025-03-06 15:58:46,0.76,60,clear sky
2025-03-06 16:30:42,-1.24,74,clear sky
2025-03-06 16:48:10,-1.24,74,clear sky
2025-03-06 16:58:36,-1.24,74,clear sky
2025-03-06 17:22:02,-2.24,86,clear sky
2025-03-06 17:36:52,-2.24,86,clear sky
2025-03-06 17:47:30,-2.24,86,clear sky
2025-03-06 17:58:16,-2.24,86,clear sky
2025-03-06 18:32:45,-2.24,86,clear sky
2025-03-06 18:48:30,-2.24,86,clear sky
2025-03-06 18:58:53,-2.24,86,clear sky
2025-03-06 19:18:37,2.76,40,clear sky
2025-03-06 19:28:56,-3.24,86,clear sky
2025-03-06 19:39:35,-3.24,86,mist
2025-03-06 19:50:14,-3.24,86,mist
2025-03-06 20:08:50,-3.24,86,mist
2025-03-06 20:29:39,-2.24,86,clear sky
2025-03-06 20:42:24,2.07,41,clear sky
2025-03-06 20:52:50,-2.24,86,mist
2025-03-06 21:12:39,-2.24,86,mist
2025-03-06 21:28:51,-3.24,93,clear sky
2025-03-06 21:39:54,-3.24,93,mist
2025-03-06 21:50:24,-3.24,93,mist
2025-03-06 22:07:37,-3.24,93,mist
2025-03-06 22:30:21,-2.24,93,mist
2025-03-06 22:42:41,-2.24,93,mist
2025-03-06 22:53:12,-2.24,93,mist
2025-03-06 23:13:34,2.18,45,clear sky
2025-03-06 23:29:19,-1.24,86,clear sky
2025-03-06 23:40:19,-1.24,86,mist
2025-03-06 23:51:12,-1.24,86,mist
2025-03-07 00:48:37,3.76,60,mist
2025-03-07 02:14:26,4.76,56,haze
2025-03-07 03:04:10,7.76,39,haze
2025-03-07 03:36:14,8.76,37,haze
2025-03-07 03:50:40,8.76,37,haze
2025-03-07 04:11:21,9.76,34,haze
2025-03-07 04:33:45,9.76,34,clear sky
2025-03-07 04:46:45,9.76,34,clear sky
2025-03-07 04:57:17,9.76,34,clear sky
2025-03-07 05:22:08,8.44,28,overcast clouds
2025-03-07 05:37:41,9.76,32,clear sky
2025-03-07 05:48:18,9.76,32,clear sky
2025-03-07 05:58:51,9.76,32,clear sky
2025-03-07 06:33:43,9.76,34,clear sky
2025-03-07 06:49:02,9.76,34,clear sky
2025-03-07 06:59:43,8.39,27,overcast clouds
2025-03-07 07:23:02,9.76,32,clear sky
2025-03-07 07:34:43,9.76,32,clear sky
2025-03-07 07:45:21,9.76,32,clear sky
2025-03-07 07:55:56,9.76,32,clear sky
2025-03-07 08:25:34,7.76,42,clear sky
2025-03-07 08:43:55,7.76,42,clear sky
2025-03-07 08:54:26,7.76,42,clear sky
2025-03-07 09:17:19,7.15,28,overcast clouds
2025-03-07 09:33:12,5.76,52,clear sky
2025-03-07 09:43:42,5.76,52,clear sky
2025-03-07 09:54:30,5.76,52,clear sky
2025-03-07 10:17:43,6.62,29,overcast clouds
2025-03-07 10:38:37,3.76,65,clear sky
2025-03-07 10:49:06,3.76,65,clear sky
2025-03-07 10:59:31,3.76,65,clear sky
2025-03-07 11:20:07,3.76,65,clear sky
2025-03-07 11:30:53,3.76,65,clear sky
2025-03-07 11:41:40,3.76,65,clear sky
2025-03-07 11:52:27,3.76,65,clear sky
2025-03-07 12:23:09,6.02,31,overcast clouds
2025-03-07 12:58:16,2.76,60,clear sky
2025-03-07 13:29:19,2.76,70,clear sky
2025-03-07 13:42:14,2.76,70,clear sky
2025-03-07 13:52:34,2.76,70,clear sky
2025-03-07 14:12:01,5.64,35,overcast clouds
2025-03-07 14:32:13,2.76,70,clear sky
2025-03-07 14:43:59,2.76,70,clear sky
2025-03-07 14:54:43,2.76,70,clear sky
2025-03-07 15:17:21,2.76,70,clear sky
2025-03-07 15:33:22,2.76,70,broken clouds
2025-03-07 15:43:59,2.76,70,broken clouds
2025-03-07 15:54:41,2.76,70,broken clouds
2025-03-07 16:20:48,4.97,37,overcast clouds
2025-03-07 16:41:15,0.76,86,broken clouds
2025-03-07 16:52:41,0.76,86,broken clouds
2025-03-07 17:11:13,0.76,86,broken clouds
2025-03-07 17:29:23,1.76,75,broken clouds
2025-03-07 17:40:46,1.76,75,broken clouds
2025-03-07 17:51:16,1.76,75,broken clouds
2025-03-07 18:13:32,4.33,41,overcast clouds
2025-03-07 18:39:16,2.76,70,broken clouds
2025-03-07 18:50:51,2.76,70,broken clouds
2025-03-07 19:07:20,2.76,70,broken clouds
2025-03-07 19:22:13,1.76,87,overcast clouds
2025-03-07 19:34:18,1.76,87,overcast clouds
2025-03-07 19:45:03,1.76,87,haze
2025-03-07 19:55:29,1.76,87,haze
2025-03-07 20:19:50,3.9,48,overcast clouds
2025-03-07 20:33:31,0.76,93,overcast clouds
2025-03-07 20:43:57,0.76,93,haze
2025-03-07 20:54:40,0.76,93,haze
2025-03-07 21:13:53,3.61,51,overcast clouds
2025-03-07 21:25:44,3.61,51,overcast clouds
2025-03-07 21:36:20,0.76,93,mist
2025-03-07 21:46:57,0.76,93,mist
2025-03-07 21:57:17,0.76,93,mist
2025-03-07 22:17:53,3.51,54,overcast clouds
2025-03-07 22:29:17,-0.24,93,mist
2025-03-07 22:39:36,-0.24,93,mist
2025-03-07 22:50:17,-0.24,93,mist
2025-03-07 23:06:52,-0.24,93,mist
2025-03-07 23:21:11,3.67,53,overcast clouds
2025-03-07 23:32:00,0.76,93,broken clouds
2025-03-07 23:42:27,0.76,93,broken clouds
2025-03-07 23:52:52,0.76,93,broken clouds
2025-03-08 00:51:16,3.76,70,broken clouds
2025-03-08 01:49:30,5.76,56,clear sky
2025-03-08 02:21:03,5.74,39,overcast clouds
2025-03-08 02:42:18,8.76,40,clear sky
2025-03-08 02:52:53,8.76,40,clear sky
2025-03-08 03:12:34,8.76,40,clear sky
2025-03-08 03:28:35,8.76,34,clear sky
2025-03-08 03:39:03,8.76,34,clear sky
2025-03-08 03:49:31,8.76,34,clear sky
2025-03-08 03:59:59,8.76,34,clear sky
2025-03-08 04:23:23,9.76,29,clear sky
2025-03-08 04:35:37,9.76,29,clear sky
2025-03-08 04:46:09,9.76,29,clear sky
2025-03-08 04:56:50,9.76,29,clear sky
2025-03-08 05:17:30,9.76,29,clear sky
2025-03-08 05:28:56,9.76,25,clear sky
2025-03-08 05:39:30,9.76,25,clear sky
2025-03-08 05:50:01,9.76,25,clear sky
2025-03-08 06:08:10,7.99,36,broken clouds
2025-03-08 06:30:57,9.76,29,clear sky
2025-03-08 06:41:47,9.76,29,clear sky
2025-03-08 06:52:38,9.76,29,clear sky
2025-03-08 07:09:22,9.76,29,clear sky
2025-03-08 07:22:50,7.99,35,few clouds
2025-03-08 07:34:36,8.76,46,clear sky
2025-03-08 07:44:57,8.76,46,clear sky
2025-03-08 07:55:30,8.76,46,clear sky
2025-03-08 08:18:56,7.4,42,few clouds
2025-03-08 08:30:23,7.76,49,clear sky
2025-03-08 08:40:46,7.76,49,clear sky
2025-03-08 08:51:21,7.76,49,clear sky
2025-03-08 09:08:47,7.76,49,clear sky
2025-03-08 09:23:45,6.76,57,clear sky
2025-03-08 09:35:51,6.76,57,clear sky
2025-03-08 09:46:20,6.76,57,clear sky
2025-03-08 09:56:49,6.76,57,clear sky
2025-03-08 10:17:53,4.76,70,clear sky
2025-03-08 10:30:48,4.76,70,clear sky
2025-03-08 10:41:23,4.76,70,clear sky
2025-03-08 10:51:46,4.76,70,clear sky
2025-03-08 11:08:51,4.76,70,clear sky
2025-03-08 11:19:56,3.76,75,clear sky
2025-03-08 11:30:33,3.76,75,clear sky
2025-03-08 11:41:13,3.76,75,clear sky
2025-03-08 11:51:48,3.76,75,clear sky
2025-03-08 12:15:08,5.28,62,few clouds
2025-03-08 12:43:30,3.76,81,clear sky
2025-03-08 12:57:29,3.76,81,clear sky
2025-03-08 13:19:30,5.08,65,clear sky
2025-03-08 13:29:59,2.76,93,clear sky
2025-03-08 13:40:30,2.76,93,clear sky
2025-03-08 13:51:02,2.76,93,clear sky
2025-03-08 14:06:42,2.76,93,clear sky
2025-03-08 14:22:30,0.76,100,mist
2025-03-08 14:34:43,0.76,100,mist
2025-03-08 14:45:06,0.76,100,mist
2025-03-08 14:55:52,0.76,100,mist
2025-03-08 15:15:19,0.76,100,mist
2025-03-08 15:25:44,0.76,100,mist
2025-03-08 15:36:33,0.76,100,mist
2025-03-08 15:47:09,0.76,100,mist
2025-03-08 15:57:34,0.76,100,mist
2025-03-08 16:22:03,-0.24,100,mist
2025-03-08 16:33:16,-0.24,100,mist
2025-03-08 16:43:37,-0.24,100,mist
2025-03-08 16:53:54,-0.24,100,mist
2025-03-08 17:55:46,-1.24,100,mist
2025-03-08 18:19:53,3.58,77,clear sky
2025-03-08 18:32:03,-0.24,93,mist
2025-03-08 18:42:29,-1.24,100,mist
2025-03-08 18:53:13,-1.24,100,mist
2025-03-08 19:10:41,-1.24,100,mist
2025-03-08 19:20:53,-2.24,100,mist
2025-03-08 19:31:38,-2.24,100,mist
2025-03-08 19:42:07,-2.24,100,mist
2025-03-08 19:52:42,-2.24,100,mist
2025-03-08 20:10:35,3.2,76,clear sky
2025-03-08 20:23:44,-2.24,100,mist
2025-03-08 20:35:11,-2.24,100,mist
2025-03-08 20:45:47,-2.24,100,mist
2025-03-08 20:56:23,-2.24,100,mist
2025-03-08 21:16:19,3.06,77,clear sky
2025-03-08 21:26:58,-2.24,100,fog
2025-03-08 21:38:22,-2.24,100,fog
2025-03-08 21:49:01,-2.24,100,fog
2025-03-08 21:59:34,-2.24,100,fog
2025-03-08 22:19:19,-2.24,100,fog
2025-03-08 22:29:38,-3.24,100,fog
2025-03-08 22:40:01,-3.24,100,fog
2025-03-08 22:50:31,-3.24,100,fog
2025-03-08 23:06:39,-2.24,100,fog
2025-03-08 23:21:54,-2.24,100,fog
2025-03-08 23:32:49,-1.24,100,fog
2025-03-08 23:43:18,-1.24,100,fog
2025-03-08 23:54:00,0.76,100,mist
2025-03-09 01:03:53,1.76,100,mist
2025-03-09 02:07:24,6.76,76,mist
2025-03-09 02:40:54,7.76,66,haze
2025-03-09 02:52:21,7.76,66,haze
2025-03-09 03:11:41,7.76,66,haze
2025-03-09 03:28:43,9.76,57,haze
2025-03-09 03:39:12,9.76,57,haze
2025-03-09 03:49:57,9.76,57,haze
2025-03-09 04:00:44,9.76,57,haze
2025-03-09 04:24:02,9.35,41,scattered clouds
2025-03-09 04:35:43,10.76,43,clear sky
2025-03-09 04:46:18,10.76,43,clear sky
2025-03-09 04:56:48,10.76,43,clear sky
2025-03-09 05:16:26,10.76,43,clear sky
2025-03-09 05:27:52,10.76,46,clear sky
2025-03-09 05:38:40,10.76,46,clear sky
2025-03-09 05:49:14,10.76,46,clear sky
2025-03-09 05:59:51,10.76,46,clear sky
2025-03-09 06:26:30,11.76,43,clear sky
2025-03-09 06:38:35,11.76,43,clear sky
2025-03-09 06:49:07,11.76,43,clear sky
2025-03-09 06:59:38,11.76,43,clear sky
2025-03-09 07:17:44,11.76,43,clear sky
2025-03-09 07:28:04,11.76,47,clear sky
2025-03-09 07:38:53,11.76,47,clear sky
2025-03-09 07:49:39,11.76,47,clear sky
2025-03-09 08:00:10,11.76,47,clear sky
2025-03-09 08:24:58,10.76,54,clear sky
2025-03-09 08:35:46,10.76,54,clear sky
2025-03-09 08:46:07,10.76,54,clear sky
2025-03-09 08:56:44,10.76,54,clear sky
2025-03-09 09:17:43,8.76,61,clear sky
2025-03-09 09:28:05,8.76,61,few clouds
2025-03-09 09:38:59,8.76,61,few clouds
2025-03-09 09:49:21,8.76,61,few clouds
2025-03-09 09:59:40,8.76,61,few clouds
2025-03-09 10:25:34,5.76,75,clear sky
2025-03-09 10:38:04,5.76,75,haze
2025-03-09 10:48:38,5.76,75,haze
2025-03-09 10:59:16,5.76,75,haze
2025-03-09 11:16:37,5.76,75,haze
2025-03-09 11:27:10,3.76,87,clear sky
2025-03-09 11:37:49,3.76,87,haze
2025-03-09 11:48:24,3.76,87,haze
2025-03-09 11:58:53,3.76,87,haze
2025-03-09 12:34:50,2.76,87,mist
2025-03-09 12:51:40,2.76,87,mist
2025-03-09 13:09:38,2.76,87,mist
2025-03-09 13:24:22,2.76,93,mist
2025-03-09 13:34:55,2.76,93,mist
2025-03-09 13:45:35,2.76,93,mist
2025-03-09 13:56:15,2.76,93,mist
2025-03-09 14:14:54,6.86,53,clear sky
2025-03-09 14:27:15,1.76,100,mist
2025-03-09 14:37:42,1.76,100,mist
2025-03-09 14:48:19,1.76,100,mist
2025-03-09 14:59:00,1.76,100,mist
2025-03-09 15:20:53,0.76,100,mist
2025-03-09 15:31:13,0.76,100,mist
2025-03-09 15:41:50,0.76,100,mist
2025-03-09 15:52:33,0.76,100,mist
2025-03-09 16:11:42,5.95,56,clear sky
2025-03-09 16:28:59,0.76,93,mist
2025-03-09 16:39:36,0.76,93,mist
2025-03-09 16:50:15,0.76,93,mist
2025-03-09 17:02:11,0.76,93,mist
2025-03-09 17:21:39,5.66,57,clear sky
2025-03-09 17:32:22,-0.24,100,mist
2025-03-09 17:42:58,-0.24,100,mist
2025-03-09 17:53:20,-0.24,100,mist
2025-03-09 18:14:26,-0.24,100,mist
2025-03-09 18:30:17,-1.24,100,mist
2025-03-09 18:40:45,-1.24,100,mist
2025-03-09 18:51:21,-1.24,100,mist
2025-03-09 19:06:08,-1.24,100,mist
2025-03-09 19:16:46,5.12,56,broken clouds
2025-03-09 19:27:24,-2.24,100,mist
2025-03-09 19:38:00,-2.24,100,mist
2025-03-09 19:48:22,-2.24,100,mist
2025-03-09 19:58:40,-1.24,100,fog
2025-03-09 20:22:17,-1.24,100,fog
2025-03-09 20:32:54,-0.24,93,fog
2025-03-09 20:43:15,-2.24,100,fog
2025-03-09 20:53:51,-2.24,100,fog
2025-03-09 21:12:15,-2.24,100,fog
2025-03-09 21:24:22,-2.24,100,fog
2025-03-09 21:35:57,-2.24,100,fog
2025-03-09 21:46:36,-2.24,100,fog
2025-03-09 21:57:01,-2.24,100,fog
2025-03-09 22:17:20,-2.24,100,fog
2025-03-09 22:28:48,-2.24,100,fog
2025-03-09 22:39:22,-2.24,100,fog
2025-03-09 22:49:59,-2.24,100,fog
2025-03-09 23:01:00,-2.24,100,fog
2025-03-09 23:18:23,5.04,54,scattered clouds
2025-03-09 23:28:40,-0.24,100,mist
2025-03-09 23:39:09,-0.24,100,mist
2025-03-09 23:49:30,-0.24,100,mist
2025-03-10 00:00:03,-0.24,100,mist
2025-03-10 01:36:55,8.76,66,haze
2025-03-10 02:24:28,10.76,54,haze
2025-03-10 02:46:50,10.76,54,haze
2025-03-10 02:57:22,10.76,54,haze
2025-03-10 03:22:13,12.76,47,clear sky
2025-03-10 03:34:08,12.76,47,haze
2025-03-10 03:44:43,12.76,47,haze
2025-03-10 03:55:04,12.76,47,haze
2025-03-10 04:17:23,11.4,34,clear sky
2025-03-10 04:31:46,13.76,38,haze
2025-03-10 04:42:07,13.76,38,haze
2025-03-10 04:52:45,13.76,38,haze
2025-03-10 05:11:20,13.76,38,haze
2025-03-10 05:27:15,13.76,38,clear sky
2025-03-10 05:37:58,13.76,38,haze
2025-03-10 05:48:19,13.76,38,haze
2025-03-10 05:58:42,13.76,38,haze
2025-03-10 06:28:30,12.76,41,haze
2025-03-10 06:41:03,12.76,41,haze
2025-03-10 06:51:41,12.76,41,haze
2025-03-10 07:10:59,11.18,39,clear sky
2025-03-10 07:25:18,12.76,38,clear sky
2025-03-10 07:37:02,12.76,38,haze
2025-03-10 07:47:38,12.76,38,haze
2025-03-10 07:58:05,12.76,38,haze
2025-03-10 08:26:12,11.76,40,haze
2025-03-10 08:39:00,11.76,40,haze
2025-03-10 08:49:41,11.76,40,haze
2025-03-10 09:00:14,11.76,40,haze
2025-03-10 09:22:42,9.42,45,clear sky
2025-03-10 09:33:51,9.76,46,haze
2025-03-10 09:44:23,9.76,46,haze
2025-03-10 09:54:42,9.76,46,haze
2025-03-10 10:16:23,8.68,48,clear sky
2025-03-10 10:32:34,6.76,65,haze
2025-03-10 10:42:55,6.76,65,haze
2025-03-10 10:53:22,6.76,65,haze
2025-03-10 11:10:03,8.18,51,clear sky
2025-03-10 11:23:12,5.76,70,clear sky
2025-03-10 11:34:36,5.76,70,haze
2025-03-10 11:44:54,5.76,70,haze
2025-03-10 11:55:15,5.76,70,haze
2025-03-10 12:37:15,4.76,75,haze
2025-03-10 13:05:56,4.76,75,haze
2025-03-10 13:34:38,3.76,75,haze
2025-03-10 13:46:35,3.76,75,haze
2025-03-10 13:57:09,3.76,75,haze
2025-03-10 14:22:23,0.76,93,clear sky
2025-03-10 14:40:38,0.76,93,haze
2025-03-10 14:51:19,0.76,93,haze
2025-03-10 15:11:53,0.76,93,haze
2025-03-10 15:31:00,0.76,100,mist
2025-03-10 15:42:24,0.76,100,mist
2025-03-10 15:52:57,0.76,100,mist
2025-03-10 16:14:32,0.76,100,mist
2025-03-10 16:38:48,0.76,93,mist
2025-03-10 16:53:41,0.76,93,mist
2025-03-10 17:13:47,0.76,93,mist
2025-03-10 17:32:21,-0.24,100,mist
2025-03-10 17:43:01,-0.24,100,mist
2025-03-10 17:53:46,-0.24,100,mist
2025-03-10 18:19:24,-0.24,100,mist
2025-03-10 18:40:58,-0.24,100,mist
2025-03-10 18:51:45,-0.24,100,mist
2025-03-10 19:10:09,-0.24,100,mist
2025-03-10 19:25:51,5.24,60,overcast clouds
2025-03-10 19:37:30,-1.24,100,mist
2025-03-10 19:48:05,-1.24,100,mist
2025-03-10 19:58:29,-1.24,100,mist
2025-03-10 20:26:22,-0.24,100,mist
2025-03-10 20:40:47,-0.24,100,mist
2025-03-10 20:51:31,-0.24,100,mist
2025-03-10 21:09:59,-0.24,100,mist
2025-03-10 21:27:23,-0.24,100,mist
2025-03-10 21:39:14,-0.24,100,mist
2025-03-10 21:49:55,-0.24,100,mist
2025-03-10 22:00:12,-0.24,100,mist
2025-03-10 22:25:06,-0.22,86,mist
2025-03-10 22:39:46,-0.24,100,mist
2025-03-10 22:50:31,-0.24,100,mist
2025-03-10 23:08:05,-0.24,100,mist
2025-03-10 23:26:28,0.76,100,mist
2025-03-10 23:38:21,0.76,100,mist
2025-03-10 23:48:57,0.76,100,mist
2025-03-10 23:59:37,0.76,100,mist
2025-03-11 01:55:36,9.76,57,haze
2025-03-11 02:55:40,11.76,47,haze
2025-03-11 03:28:45,12.76,47,haze
2025-03-11 03:47:31,12.76,47,haze
2025-03-11 03:58:02,12.76,47,haze
2025-03-11 04:29:09,13.76,44,clear sky
2025-03-11 04:45:19,13.76,44,clear sky
2025-03-11 04:55:49,13.76,44,clear sky
2025-03-11 05:18:54,12.65,26,few clouds
2025-03-11 05:35:59,14.76,41,clear sky
2025-03-11 05:46:32,14.76,41,clear sky
2025-03-11 05:57:04,14.76,41,clear sky
2025-03-11 06:31:40,14.76,38,clear sky
2025-03-11 06:48:59,14.76,38,clear sky
2025-03-11 06:59:28,14.76,38,clear sky
2025-03-11 07:23:19,13.76,47,clear sky
2025-03-11 07:35:12,13.76,47,clear sky
2025-03-11 07:45:53,13.76,47,clear sky
2025-03-11 07:56:24,13.76,47,clear sky
2025-03-11 08:26:54,12.76,50,clear sky
2025-03-11 08:45:26,12.76,50,clear sky
2025-03-11 08:56:06,12.76,50,clear sky
2025-03-11 09:21:55,12.69,29,clear sky
2025-03-11 09:37:14,10.76,54,clear sky
2025-03-11 09:47:50,10.76,54,clear sky
2025-03-11 09:58:29,10.76,54,clear sky
2025-03-11 10:27:21,8.76,61,clear sky
2025-03-11 10:44:19,8.76,61,clear sky
2025-03-11 10:55:01,8.76,61,clear sky
2025-03-11 11:15:03,10.38,40,clear sky
2025-03-11 11:28:03,6.76,65,clear sky
2025-03-11 11:39:40,6.76,65,clear sky
2025-03-11 11:50:24,6.76,65,clear sky
2025-03-11 12:15:37,10.07,40,few clouds
2025-03-11 12:56:23,5.76,70,clear sky
2025-03-11 13:28:45,4.76,75,clear sky
2025-03-11 13:43:32,4.76,75,clear sky
2025-03-11 13:54:16,4.76,75,clear sky
2025-03-11 14:16:33,9.26,44,overcast clouds
2025-03-11 14:38:15,4.76,81,clear sky
2025-03-11 14:49:21,4.76,81,clear sky
2025-03-11 14:59:51,4.76,81,clear sky
2025-03-11 15:27:57,3.76,87,clear sky
2025-03-11 15:43:10,3.76,87,clear sky
2025-03-11 15:54:05,3.76,87,clear sky
2025-03-11 16:20:37,3.76,93,clear sky
2025-03-11 16:43:32,3.76,93,clear sky
2025-03-11 16:55:20,3.76,93,clear sky
2025-03-11 17:17:24,7.84,48,overcast clouds
2025-03-11 17:35:29,3.76,93,clear sky
2025-03-11 17:45:55,3.76,93,clear sky
2025-03-11 17:56:18,3.76,93,clear sky
2025-03-11 18:29:30,3.76,93,overcast clouds
2025-03-11 18:48:09,3.76,93,mist
2025-03-11 18:58:30,3.76,93,mist
2025-03-11 19:20:58,7.78,48,overcast clouds
2025-03-11 19:32:25,4.76,81,overcast clouds
2025-03-11 19:42:48,4.76,81,mist
2025-03-11 19:53:31,4.76,81,mist
2025-03-11 20:16:09,4.76,81,mist
2025-03-11 20:33:06,4.76,93,mist
2025-03-11 20:45:12,4.76,93,mist
2025-03-11 20:55:08,4.76,93,mist
2025-03-11 21:13:57,7.4,51,overcast clouds
2025-03-11 21:24:45,7.4,51,overcast clouds
2025-03-11 21:36:34,3.76,93,mist
2025-03-11 21:47:23,3.76,93,mist
2025-03-11 21:57:45,3.76,93,mist
2025-03-11 22:22:27,4.76,93,overcast clouds
2025-03-11 22:37:48,4.76,93,mist
2025-03-11 22:48:22,4.76,93,mist
2025-03-11 22:58:44,4.76,93,mist
2025-03-11 23:22:27,6.76,76,clear sky
2025-03-11 23:34:12,6.76,76,mist
2025-03-11 23:44:37,6.76,76,mist
2025-03-11 23:54:54,6.76,76,mist
2025-03-12 01:20:22,9.76,62,overcast clouds
2025-03-12 02:37:04,9.76,57,haze
2025-03-12 03:15:29,9.76,57,haze
2025-03-12 03:41:03,11.76,47,haze
2025-03-12 03:51:47,11.76,47,haze
2025-03-12 04:14:03,11.78,40,haze
2025-03-12 04:38:23,10.76,54,haze
2025-03-12 04:50:47,10.76,54,haze
2025-03-12 05:09:16,10.76,54,haze
2025-03-12 05:31:03,9.76,57,haze
2025-03-12 05:42:56,9.76,57,haze
2025-03-12 05:53:44,9.76,57,haze
2025-03-12 06:21:10,9.76,71,overcast clouds
2025-03-12 06:44:46,9.76,71,overcast clouds
2025-03-12 06:55:14,9.76,71,overcast clouds
2025-03-12 07:18:08,10.78,66,overcast clouds
2025-03-12 07:31:27,7.76,100,mist
2025-03-12 07:42:20,7.76,100,mist
2025-03-12 07:53:00,7.76,100,mist
2025-03-12 08:18:46,7.76,100,mist
2025-03-12 08:40:54,7.76,100,light intensity drizzle
2025-03-12 08:52:46,7.76,100,light intensity drizzle
2025-03-12 09:32:45,6.76,100,mist
2025-03-12 09:43:35,6.76,100,mist
2025-03-12 09:54:19,6.76,100,mist
2025-03-12 10:17:19,8.52,82,overcast clouds
2025-03-12 10:38:56,6.76,100,mist
2025-03-12 10:49:38,6.76,100,mist
2025-03-12 11:00:03,6.76,100,mist
2025-03-12 11:20:52,6.76,100,mist
2025-03-12 11:32:26,6.76,100,mist
2025-03-12 11:43:10,6.76,100,mist
2025-03-12 11:53:37,6.76,100,mist
2025-03-12 12:29:37,6.76,100,mist
2025-03-12 13:03:29,6.76,100,mist
2025-03-12 13:33:28,5.76,100,mist
2025-03-12 13:45:30,5.76,100,mist
2025-03-12 13:56:07,5.76,100,mist
2025-03-12 14:19:42,6.61,90,overcast clouds
2025-03-12 14:38:53,5.76,100,mist
2025-03-12 14:49:35,5.76,100,mist
2025-03-12 14:59:57,5.76,100,mist
2025-03-12 15:27:57,3.76,100,mist
2025-03-12 15:43:24,3.76,100,mist
2025-03-12 15:54:07,3.76,100,mist
2025-03-12 16:20:13,6.13,79,overcast clouds
2025-03-12 16:43:23,4.76,100,mist
2025-03-12 16:54:56,4.76,100,mist
2025-03-12 17:15:54,5.91,69,overcast clouds
2025-03-12 17:33:17,3.76,100,mist
2025-03-12 17:43:52,3.76,100,mist
2025-03-12 17:54:36,3.76,100,mist
2025-03-12 18:24:05,2.76,100,mist
2025-03-12 18:45:42,2.76,100,mist
2025-03-12 18:56:25,2.76,100,mist
2025-03-12 19:16:42,5.43,84,overcast clouds
2025-03-12 19:27:19,2.76,100,fog
2025-03-12 19:38:42,2.76,100,fog
2025-03-12 19:49:12,2.76,100,fog
2025-03-12 19:59:33,2.76,100,fog
2025-03-12 20:26:37,1.76,100,fog
2025-03-12 20:40:48,1.76,100,fog
2025-03-12 20:51:25,1.76,100,fog
2025-03-12 21:09:48,1.76,100,fog
2025-03-12 21:27:21,1.76,100,fog
2025-03-12 21:40:55,1.76,100,fog
2025-03-12 21:51:36,1.76,100,fog
2025-03-12 22:10:11,1.76,100,fog
2025-03-12 22:31:26,1.76,100,fog
2025-03-12 22:43:05,1.76,100,fog
2025-03-12 22:53:40,1.76,100,fog
2025-03-12 23:14:29,1.76,100,fog
2025-03-12 23:30:40,1.76,100,fog
2025-03-12 23:42:30,1.76,100,fog
2025-03-12 23:53:05,1.76,100,fog
2025-03-13 01:06:45,3.76,93,fog
2025-03-13 02:36:07,10.76,54,haze
2025-03-13 03:16:56,10.6,14,overcast clouds
2025-03-13 03:44:33,11.76,26,haze
2025-03-13 03:56:07,11.76,26,haze
2025-03-13 04:24:33,12.76,28,clear sky
2025-03-13 04:43:17,12.76,28,haze
2025-03-13 04:53:55,12.76,28,haze
2025-03-13 05:15:12,13.01,11,overcast clouds
2025-03-13 05:32:48,13.76,21,haze
2025-03-13 05:43:54,13.76,21,haze
2025-03-13 05:54:27,13.76,21,haze
2025-03-13 06:23:29,14.76,20,clear sky
2025-03-13 06:44:40,14.76,20,sand
2025-03-13 06:55:11,14.76,20,sand
2025-03-13 07:17:20,14.62,12,overcast clouds
2025-03-13 07:29:48,14.76,25,clear sky
2025-03-13 07:40:08,14.76,25,sand
2025-03-13 07:50:41,14.76,25,sand
2025-03-13 08:13:11,14.28,13,overcast clouds
2025-03-13 08:38:58,13.76,26,sand
2025-03-13 08:53:12,13.76,26,sand
2025-03-13 09:14:48,13.7,14,broken clouds
2025-03-13 09:32:40,11.76,30,clear sky
2025-03-13 09:45:10,11.76,30,clear sky
2025-03-13 09:55:47,11.76,30,clear sky
2025-03-13 10:20:54,12.56,16,broken clouds
2025-03-13 10:40:13,8.76,34,clear sky
2025-03-13 10:50:34,8.76,34,clear sky
2025-03-13 11:08:04,8.76,34,clear sky
2025-03-13 11:24:36,4.76,52,clear sky
2025-03-13 11:36:27,4.76,52,clear sky
2025-03-13 11:47:06,4.76,52,clear sky
2025-03-13 11:57:44,4.76,52,clear sky
2025-03-13 12:49:03,5.76,52,clear sky
2025-03-13 13:17:04,10.33,22,broken clouds
2025-03-13 13:39:03,5.76,56,clear sky
2025-03-13 13:49:27,5.76,56,clear sky
2025-03-13 13:59:49,5.76,56,clear sky
2025-03-13 14:25:32,9.82,22,overcast clouds
2025-03-13 14:41:43,3.76,70,clear sky
2025-03-13 14:52:30,3.76,70,clear sky
2025-03-13 15:14:31,9.23,23,overcast clouds
2025-03-13 15:34:30,3.76,70,clear sky
2025-03-13 15:46:08,3.76,70,clear sky
2025-03-13 15:56:54,3.76,70,clear sky
2025-03-13 16:29:19,3.76,70,clear sky
